idx,cluster,label_joint
0,3,3
1,3,3
2,3,3
3,3,1
4,3,1
5,3,1
6,3,1
7,3,1
8,3,1
9,3,1
10,3,1
11,3,1
12,3,1
13,0,1
14,0,1
15,0,1
16,0,1
17,0,1
18,0,1
19,2,2
20,2,2
21,2,2
22,2,2
23,2,2
24,2,2
25,2,1
26,2,1
27,2,1
28,2,0
29,2,0
30,3,0
31,3,0
32,3,0
33,3,0
34,3,0
35,3,0
36,3,0
37,3,0
38,3,0
39,3,0
40,3,0
41,4,1
42,2,1
43,2,1
44,2,1
45,2,1
46,1,0
47,1,0
48,3,1
49,3,1
50,3,1
51,3,1
52,3,1
53,3,1
54,3,0
55,3,0
56,2,2
57,2,2
58,2,2
59,2,2
60,2,2
61,2,2
62,2,2
63,2,2
64,2,2
65,2,2
66,2,2
67,2,2
68,2,2
69,2,2
70,2,2
71,2,2
72,2,2
73,3,1
74,3,1
75,3,1
76,3,1
77,3,1
78,3,1
79,3,1
80,3,1
81,3,1
82,2,2
83,2,2
84,2,2
85,2,2
86,2,2
87,2,2
88,3,1
89,3,1
90,3,1
91,3,1
92,3,1
93,2,3
94,2,3
95,3,1
96,2,3
97,3,0
98,2,2
99,2,2
100,2,2
101,2,2
102,2,2
103,2,2
104,2,2
105,2,2
106,2,2
107,3,1
108,3,1
109,2,2
110,2,2
111,3,1
112,3,1
113,2,0
114,3,0
115,3,0
116,0,1
117,0,1
118,0,1
119,1,0
120,3,1
121,3,1
122,3,0
123,3,1
124,3,1
125,2,2
126,2,3
127,2,3
128,2,3
129,2,3
130,2,3
131,2,3
132,3,1
133,3,1
134,3,1
135,3,1
136,3,1
137,2,2
138,2,2
139,0,2
140,0,2
141,1,0
142,1,3
143,1,0
144,3,1
145,2,3
146,2,3
147,2,3
148,2,3
149,3,1
150,3,1
151,3,1
152,3,1
153,3,1
154,3,1
155,3,1
156,3,1
157,3,1
158,3,1
159,2,1
160,0,0
161,2,2
162,1,0
163,2,2
164,3,0
165,3,0
166,3,0
167,3,0
168,3,1
169,3,1
170,3,1
171,3,1
172,3,1
173,2,2
174,2,3
175,2,1
176,3,0
177,3,0
178,3,1
179,2,2
180,0,1
181,3,0
182,3,0
183,3,0
184,2,3
185,3,0
186,2,3
187,3,0
188,0,1
189,2,3
190,3,0
191,2,2
192,2,2
193,3,0
194,3,0
195,2,2
196,3,0
197,3,0
198,3,0
199,3,0
200,3,0
201,3,0
202,3,1
203,3,1
204,3,1
205,3,0
206,3,0
207,3,0
208,3,0
209,3,0
210,3,0
211,3,0
212,3,0
213,0,2
214,0,2
215,0,2
216,0,2
217,0,2
218,2,3
219,2,3
220,2,3
221,3,1
222,3,1
223,3,1
224,3,2
225,3,2
226,3,2
227,3,2
228,0,2
229,0,2
230,2,3
231,1,0
232,0,1
233,4,3
234,2,2
235,1,1
236,1,0
237,3,1
238,3,1
239,0,2
240,0,2
241,1,1
242,2,3
243,3,0
244,2,3
245,4,3
246,1,3
247,3,0
248,2,3
249,3,0
250,2,3
251,3,2
252,3,0
253,3,3
254,2,2
255,3,0
256,3,0
257,1,0
258,3,1
259,3,1
260,2,2
261,2,2
262,2,2
263,2,3
264,0,1
265,2,2
266,4,0
267,4,3
268,4,3
269,4,3
270,4,3
271,4,3
272,4,2
273,4,3
274,4,3
275,4,3
276,4,3
277,4,3
278,2,2
279,0,2
280,2,2
281,3,0
282,2,3
283,2,3
284,0,2
285,3,1
286,3,1
287,2,2
288,2,2
289,3,1
290,3,1
291,2,3
292,2,3
293,3,1
294,3,1
295,3,1
296,3,1
297,2,2
298,0,2
299,0,2
300,2,3
301,2,3
302,2,2
303,2,2
304,0,2
305,0,2
306,0,2
307,0,2
308,2,3
309,3,1
310,3,1
311,3,1
312,4,0
313,4,0
314,4,0
315,4,0
316,4,0
317,4,0
318,4,3
319,3,1
320,2,1
321,3,0
322,3,0
323,3,0
324,3,0
325,2,2
326,3,0
327,2,2
328,2,3
329,3,1
330,3,1
331,2,2
332,2,2
333,2,2
334,2,2
335,3,1
336,3,1
337,2,2
338,2,2
339,3,1
340,3,1
341,4,0
342,4,0
343,2,0
344,0,2
345,3,3
346,0,2
347,2,3
348,4,3
349,2,3
350,2,0
351,1,1
352,3,0
353,3,0
354,3,0
355,2,1
356,3,1
357,3,1
358,3,1
359,3,1
360,3,1
361,2,3
362,3,1
363,3,1
364,3,1
365,3,1
366,2,2
367,2,2
368,2,2
369,1,1
370,1,2
371,1,2
372,3,1
373,3,1
374,3,1
375,3,1
376,1,2
377,2,2
378,3,2
379,0,1
380,0,1
381,3,1
382,3,2
383,3,1
384,2,2
385,2,3
386,2,3
387,2,3
388,2,3
389,2,3
390,3,0
391,2,2
392,3,1
393,3,1
394,1,2
395,3,0
396,3,1
397,3,1
398,2,2
399,2,2
400,2,2
401,2,3
402,3,1
403,3,1
404,3,1
405,3,1
406,2,3
407,2,3
408,2,3
409,2,3
410,2,2
411,2,2
412,2,2
413,2,2
414,2,2
415,3,1
416,3,1
417,3,1
418,3,1
419,2,2
420,2,2
421,2,2
422,2,2
423,0,1
424,0,1
425,0,1
426,1,2
427,2,1
428,2,1
429,2,3
430,2,3
431,2,3
432,3,1
433,2,2
434,0,2
435,2,0
436,2,2
437,2,2
438,3,1
439,3,0
440,3,0
441,3,1
442,3,1
443,2,2
444,2,2
445,2,2
446,2,2
447,2,2
448,2,2
449,2,2
450,2,2
451,2,2
452,0,1
453,0,1
454,1,1
455,2,2
456,3,1
457,3,1
458,3,1
459,1,3
460,1,3
461,3,0
462,3,0
463,3,0
464,3,0
465,2,2
466,2,2
467,2,2
468,2,2
469,3,2
470,3,2
471,3,1
472,3,1
473,2,3
474,2,1
475,2,1
476,1,1
477,0,2
478,2,2
479,2,2
480,2,2
481,1,1
482,2,2
483,2,2
484,2,2
485,2,2
486,3,1
487,3,1
488,2,2
489,2,2
490,4,0
491,3,1
492,3,1
493,3,1
494,3,1
495,2,3
496,2,3
497,3,1
498,2,1
499,0,3
500,0,3
501,0,3
502,0,3
503,3,1
504,2,2
505,3,1
506,2,2
507,2,2
508,0,1
509,3,0
510,3,1
511,3,1
512,0,3
513,0,3
514,0,3
515,2,1
516,2,2
517,2,2
518,3,1
519,2,2
520,2,2
521,2,2
522,2,2
523,2,2
524,2,3
525,2,3
526,2,3
527,2,3
528,2,3
529,2,3
530,2,3
531,2,3
532,0,1
533,1,0
534,2,2
535,2,1
536,2,1
537,2,2
538,2,0
539,3,3
540,3,2
541,2,3
542,2,3
543,1,1
544,2,2
545,2,2
546,3,0
547,3,0
548,3,2
549,0,3
550,0,3
551,3,2
552,1,0
553,1,0
554,1,0
555,3,0
556,2,2
557,2,2
558,2,2
559,2,2
560,2,2
561,2,2
562,2,2
563,2,2
564,2,2
565,2,2
566,2,2
567,2,2
568,2,2
569,2,2
570,3,1
571,3,1
572,3,1
573,2,0
574,2,0
575,2,1
576,2,1
577,0,0
578,0,0
579,0,0
580,0,1
581,2,2
582,3,1
583,3,1
584,2,2
585,2,2
586,3,1
587,2,2
588,2,2
589,3,1
590,3,1
591,2,2
592,2,2
593,2,2
594,4,0
595,2,2
596,2,2
597,2,2
598,2,2
599,4,1
600,1,1
601,2,1
602,2,2
603,3,0
604,3,1
605,1,1
606,2,2
607,2,2
608,3,1
609,1,1
610,1,1
611,2,0
612,3,1
613,2,2
614,3,1
615,3,0
616,2,3
617,2,2
618,2,2
619,2,2
620,2,3
621,2,3
622,0,1
623,2,2
624,2,2
625,2,2
626,2,2
627,2,3
628,3,0
629,0,2
630,2,3
631,2,1
632,2,1
633,2,2
634,3,1
635,3,1
636,2,2
637,3,2
638,1,3
639,1,3
640,2,1
641,2,1
642,3,0
643,3,0
644,3,1
645,1,2
646,1,3
647,3,0
648,3,1
649,3,0
650,3,0
651,2,2
652,2,2
653,2,1
654,0,3
655,0,3
656,0,2
657,0,2
658,3,0
659,0,3
660,0,2
661,2,2
662,2,2
663,2,2
664,2,2
665,2,2
666,1,1
667,1,1
668,1,1
669,1,1
670,1,1
671,1,1
672,1,1
673,1,1
674,0,1
675,0,1
676,0,1
677,0,1
678,0,1
679,0,1
680,0,1
681,0,1
682,0,1
683,0,1
684,0,1
685,0,1
686,0,1
687,0,1
688,0,2
689,0,2
690,3,1
691,3,1
692,3,0
693,3,0
694,2,2
695,2,2
696,0,2
697,1,1
698,2,2
699,2,2
700,3,1
701,3,1
702,3,1
703,3,3
704,3,1
705,3,1
706,2,1
707,1,2
708,2,2
709,2,2
710,2,1
711,2,1
712,3,0
713,2,1
714,2,1
715,2,3
716,3,2
717,2,3
718,2,2
719,2,3
720,2,3
721,2,3
722,2,3
723,2,3
724,2,3
725,2,3
726,2,3
727,2,3
728,2,3
729,2,3
730,2,3
731,2,3
732,2,3
733,2,2
734,2,0
735,2,1
736,2,3
737,0,3
738,3,1
739,3,1
740,3,1
741,3,1
742,3,1
743,2,1
744,0,2
745,3,0
746,2,3
747,1,2
748,2,2
749,2,1
750,2,0
751,2,2
752,0,2
753,3,1
754,2,1
755,3,0
756,3,0
757,3,0
758,3,0
759,3,3
760,2,2
761,1,0
762,1,0
763,1,0
764,0,1
765,2,1
766,2,3
767,2,3
768,3,0
769,2,3
770,2,3
771,2,3
772,2,3
773,2,2
774,3,2
775,3,0
776,2,2
777,3,1
778,2,3
779,2,3
780,3,0
781,2,3
782,2,0
783,3,1
784,3,0
785,2,3
786,2,3
787,2,3
788,0,2
789,0,3
790,0,3
791,2,3
792,0,3
793,2,2
794,2,1
795,3,1
796,2,2
797,2,2
798,2,2
799,3,0
800,3,0
801,3,0
802,3,0
803,3,1
804,3,0
805,3,0
806,3,0
807,2,2
808,0,2
809,0,2
810,2,2
811,2,2
812,2,2
813,2,2
814,3,2
815,2,2
816,2,1
817,2,1
818,0,0
819,0,0
820,0,2
821,0,1
822,0,1
823,0,1
824,0,1
825,0,1
826,0,2
827,3,0
828,0,3
829,0,0
830,0,0
831,0,1
832,0,1
833,0,1
834,0,1
835,0,1
836,0,1
837,0,1
838,0,1
839,3,3
840,2,2
841,1,2
842,2,2
843,3,0
844,2,2
845,3,2
846,0,2
847,0,2
848,0,2
849,2,3
850,3,1
851,3,1
852,1,1
853,2,2
854,2,2
855,3,0
856,0,2
857,3,1
858,3,0
859,2,3
860,2,3
861,3,0
862,2,3
863,2,2
864,2,2
865,0,1
866,3,1
867,3,1
868,3,1
869,2,2
870,2,1
871,2,2
872,3,1
873,2,2
874,2,2
875,2,2
876,2,3
877,2,1
878,2,2
879,2,2
880,2,1
881,3,2
882,3,3
883,3,3
884,2,3
885,3,0
886,3,0
887,3,0
888,1,1
889,2,3
890,2,3
891,2,3
892,1,2
893,0,3
894,0,3
895,0,3
896,0,2
897,0,1
898,2,0
899,2,2
900,2,2
901,3,0
902,3,0
903,2,2
904,2,2
905,2,2
906,2,2
907,2,2
908,2,2
909,1,1
910,1,1
911,2,1
912,2,1
913,2,3
914,2,2
915,3,1
916,0,1
917,0,1
918,2,1
919,0,1
920,0,1
921,0,1
922,0,2
923,2,2
924,3,3
925,2,2
926,2,2
927,3,1
928,3,1
929,2,2
930,2,3
931,1,2
932,1,3
933,2,2
934,2,2
935,2,2
936,2,2
937,2,1
938,2,1
939,2,2
940,3,1
941,3,1
942,3,0
943,3,0
944,3,1
945,2,3
946,2,1
947,2,3
948,2,1
949,3,1
950,3,1
951,0,1
952,0,1
953,3,1
954,2,3
955,3,0
956,2,1
957,0,2
958,0,3
959,1,3
960,1,2
961,3,1
962,3,1
963,3,0
964,2,3
965,2,2
966,3,2
967,2,3
968,2,3
969,0,2
970,2,2
971,2,3
972,3,2
973,3,1
974,3,1
975,3,1
976,3,1
977,2,3
978,0,2
979,0,2
980,2,2
981,3,1
982,3,2
983,2,2
984,0,1
985,0,1
986,3,1
987,2,1
988,0,1
989,3,3
990,0,0
991,0,0
992,2,2
993,3,1
994,3,1
995,0,1
996,0,1
997,0,1
998,3,2
999,2,2
1000,2,2
1001,0,1
1002,3,1
1003,2,2
1004,3,2
1005,3,3
1006,2,3
1007,2,3
1008,3,1
1009,3,1
1010,2,1
1011,2,1
1012,2,1
1013,2,2
1014,2,3
1015,2,0
1016,3,1
1017,2,2
1018,3,1
1019,2,2
1020,2,2
1021,2,2
1022,2,2
1023,3,1
1024,2,2
1025,3,1
1026,0,3
1027,1,0
1028,2,3
1029,2,2
1030,3,1
1031,0,1
1032,2,2
1033,2,3
1034,3,1
1035,3,1
1036,0,1
1037,0,2
1038,0,2
1039,3,0
1040,3,1
1041,3,1
1042,2,2
1043,2,2
1044,3,1
1045,3,1
1046,2,2
1047,3,3
1048,3,0
1049,2,2
1050,2,1
1051,3,1
1052,2,2
1053,2,2
1054,2,3
1055,2,2
1056,2,2
1057,2,3
1058,3,0
1059,3,1
1060,0,1
1061,0,1
1062,3,2
1063,3,1
1064,2,2
1065,2,2
1066,2,2
1067,2,2
1068,2,2
1069,3,1
1070,2,2
1071,1,3
1072,2,2
1073,2,2
1074,2,3
1075,2,2
1076,3,1
1077,2,3
1078,2,3
1079,2,3
1080,3,0
1081,2,3
1082,3,2
1083,2,2
1084,2,0
1085,2,3
1086,2,2
1087,2,2
1088,2,2
1089,3,1
1090,4,1
1091,3,1
1092,2,3
1093,2,2
1094,0,2
1095,1,3
1096,2,1
1097,4,0
1098,1,1
1099,0,0
1100,3,3
1101,2,2
1102,3,1
1103,2,2
1104,2,2
1105,2,2
1106,2,2
1107,1,0
1108,0,1
1109,0,1
1110,2,2
1111,2,3
1112,2,2
1113,2,0
1114,2,3
1115,2,3
1116,2,2
1117,2,2
1118,1,1
1119,3,1
1120,2,1
1121,2,1
1122,2,1
1123,0,2
1124,0,2
1125,0,1
1126,1,0
1127,1,0
1128,0,3
1129,3,1
1130,3,1
1131,2,2
1132,2,1
1133,2,2
1134,0,0
1135,3,0
1136,1,3
1137,3,1
1138,0,3
1139,0,1
1140,0,1
1141,2,0
1142,3,1
1143,3,1
1144,4,1
1145,2,2
1146,2,2
1147,2,2
1148,2,2
1149,2,2
1150,2,2
1151,2,2
1152,2,2
1153,2,2
1154,2,2
1155,2,2
1156,2,1
1157,3,1
1158,3,1
1159,3,0
1160,1,0
1161,0,1
1162,2,3
1163,1,1
1164,3,1
1165,3,3
1166,3,3
1167,3,1
1168,3,2
1169,1,1
1170,2,3
1171,3,0
1172,2,3
1173,2,0
1174,2,2
1175,0,2
1176,1,0
1177,3,3
1178,2,1
1179,1,0
1180,1,0
1181,1,3
1182,1,3
1183,1,3
1184,3,2
1185,3,2
1186,2,2
1187,2,3
1188,2,2
1189,2,2
1190,3,1
1191,0,1
1192,0,1
1193,3,0
1194,0,3
1195,3,1
1196,2,2
1197,2,2
1198,2,2
1199,2,1
1200,2,2
1201,0,1
1202,3,1
1203,2,3
1204,3,1
1205,3,0
1206,3,1
1207,3,0
1208,2,3
1209,1,2
1210,2,3
1211,2,2
1212,0,2
1213,3,1
1214,2,2
1215,2,2
1216,3,0
1217,2,2
1218,2,0
1219,0,2
1220,2,2
1221,2,1
1222,3,0
1223,2,3
1224,3,0
1225,3,0
1226,2,3
1227,3,1
1228,3,1
1229,3,1
1230,2,2
1231,0,1
1232,0,2
1233,3,0
1234,4,0
1235,4,0
1236,4,1
1237,4,1
1238,4,0
1239,4,1
1240,2,0
1241,2,0
1242,2,3
1243,2,2
1244,1,2
1245,2,2
1246,3,1
1247,1,0
1248,3,0
1249,2,2
1250,2,2
1251,1,0
1252,1,0
1253,3,1
1254,3,1
1255,3,1
1256,3,1
1257,3,2
1258,3,3
1259,3,1
1260,3,2
1261,2,3
1262,4,0
1263,4,0
1264,1,0
1265,1,3
1266,4,0
1267,4,0
1268,4,0
1269,4,0
1270,4,0
1271,4,0
1272,4,0
1273,4,0
1274,4,0
1275,4,0
1276,4,0
1277,4,0
1278,4,0
1279,4,0
1280,4,0
1281,4,0
1282,4,0
1283,4,0
1284,4,0
1285,4,0
1286,4,0
1287,4,0
1288,4,0
1289,4,0
1290,4,0
1291,4,0
1292,4,0
1293,4,3
1294,4,0
1295,4,0
1296,3,1
1297,3,1
1298,2,2
1299,2,2
1300,2,3
1301,3,0
1302,2,2
1303,2,2
1304,0,2
1305,0,2
1306,2,0
1307,2,0
1308,2,2
1309,2,0
1310,2,0
1311,2,0
1312,2,0
1313,2,1
1314,2,0
1315,2,1
1316,2,1
1317,2,0
1318,2,0
1319,2,1
1320,2,2
1321,2,1
1322,2,2
1323,2,2
1324,2,2
1325,2,2
1326,2,0
1327,2,0
1328,1,3
1329,2,0
1330,3,1
1331,3,3
1332,3,1
1333,3,2
1334,2,3
1335,2,0
1336,2,1
1337,0,2
1338,2,1
1339,3,0
1340,2,0
1341,3,0
1342,0,1
1343,2,2
1344,1,3
1345,3,3
1346,3,3
1347,2,3
1348,2,2
1349,2,3
1350,0,0
1351,3,1
1352,3,3
1353,3,3
1354,2,2
1355,3,1
1356,3,1
1357,3,1
1358,3,1
1359,3,1
1360,2,1
1361,2,3
1362,2,3
1363,2,2
1364,0,2
1365,4,3
1366,1,1
1367,2,1
1368,3,1
1369,0,2
1370,2,3
1371,0,2
1372,3,1
1373,3,0
1374,2,3
1375,3,0
1376,3,0
1377,3,0
1378,3,0
1379,3,1
1380,2,1
1381,1,0
1382,1,0
1383,0,1
1384,0,2
1385,3,1
1386,0,2
1387,2,3
1388,1,1
1389,3,0
1390,2,2
1391,3,2
1392,2,0
1393,2,2
1394,1,0
1395,3,3
1396,3,1
1397,3,1
1398,2,1
1399,2,1
1400,4,0
1401,4,0
1402,4,0
1403,4,0
1404,4,0
1405,4,0
1406,4,0
1407,4,1
1408,4,0
1409,4,1
1410,4,1
1411,4,1
1412,4,1
1413,4,1
1414,4,1
1415,4,2
1416,4,3
1417,4,3
1418,4,2
1419,4,3
1420,4,3
1421,3,0
1422,3,0
1423,0,3
1424,0,3
1425,2,3
1426,3,3
1427,3,1
1428,3,1
1429,3,1
1430,3,1
1431,3,2
1432,3,0
1433,4,3
1434,1,2
1435,3,1
1436,0,2
1437,2,1
1438,2,3
1439,4,3
1440,3,2
1441,2,0
1442,2,3
1443,2,1
1444,3,1
1445,2,2
1446,0,3
1447,3,0
1448,3,0
1449,3,0
1450,3,0
1451,0,2
1452,3,2
1453,4,0
1454,2,1
1455,2,1
1456,0,3
1457,1,0
1458,1,0
1459,3,2
1460,2,2
1461,0,2
1462,3,1
1463,3,2
1464,2,2
1465,0,0
1466,3,0
1467,3,0
1468,0,1
1469,4,1
1470,4,1
1471,4,0
1472,3,0
1473,2,2
1474,2,2
1475,3,2
1476,3,2
1477,2,2
1478,2,3
1479,2,0
1480,2,0
1481,1,1
1482,1,0
1483,0,1
1484,2,1
1485,2,1
1486,0,2
1487,0,1
1488,1,2
1489,2,3
1490,2,3
1491,4,1
1492,3,1
1493,2,0
1494,1,2
1495,3,2
1496,0,1
1497,0,1
1498,0,1
1499,3,2
1500,3,0
1501,3,0
1502,3,1
1503,2,1
1504,0,2
1505,0,2
1506,2,3
1507,3,1
1508,3,1
1509,3,0
1510,1,0
1511,3,0
1512,3,0
1513,2,2
1514,3,0
1515,3,0
1516,3,0
1517,3,0
1518,3,0
1519,3,0
1520,3,1
1521,2,3
1522,2,2
1523,2,2
1524,2,2
1525,2,2
1526,2,2
1527,2,2
1528,2,2
1529,3,3
1530,3,1
1531,1,0
1532,2,3
1533,3,0
1534,2,2
1535,2,2
1536,2,3
1537,3,0
1538,2,1
1539,2,3
1540,3,0
1541,3,2
1542,2,3
1543,3,0
1544,2,3
1545,0,2
1546,2,2
1547,2,2
1548,3,0
1549,2,2
1550,3,1
1551,1,2
1552,3,0
1553,3,1
1554,3,2
1555,3,1
1556,3,1
1557,3,3
1558,3,2
1559,3,1
1560,2,2
1561,2,1
1562,0,2
1563,2,0
1564,2,0
1565,2,1
1566,2,0
1567,2,0
1568,2,1
1569,2,3
1570,0,0
1571,3,1
1572,3,1
1573,3,0
1574,3,1
1575,0,0
1576,2,2
1577,2,1
1578,2,0
1579,1,0
1580,1,0
1581,2,2
1582,2,2
1583,2,2
1584,2,2
1585,2,2
1586,2,0
1587,3,1
1588,3,1
1589,2,2
1590,3,0
1591,0,2
1592,0,3
1593,0,3
1594,0,3
1595,0,3
1596,0,3
1597,0,3
1598,0,3
1599,0,3
1600,0,3
1601,0,2
1602,0,2
1603,0,3
1604,0,3
1605,0,3
1606,0,3
1607,0,3
1608,0,3
1609,3,3
1610,3,2
1611,0,2
1612,0,0
1613,2,1
1614,3,1
1615,3,3
1616,3,1
1617,2,1
1618,3,0
1619,2,3
1620,2,3
1621,0,2
1622,3,1
1623,3,1
1624,3,1
1625,3,0
1626,3,0
1627,3,0
1628,3,0
1629,3,1
1630,3,1
1631,4,3
1632,3,1
1633,2,0
1634,2,3
1635,3,2
1636,0,2
1637,2,0
1638,2,0
1639,3,0
1640,0,2
1641,2,2
1642,2,3
1643,2,1
1644,3,0
1645,2,3
1646,3,1
1647,3,1
1648,1,1
1649,2,2
1650,2,2
1651,2,2
1652,3,1
1653,2,2
1654,2,1
1655,2,3
1656,3,1
1657,2,2
1658,2,2
1659,2,1
1660,3,1
1661,3,1
1662,3,1
1663,3,1
1664,3,1
1665,2,1
1666,2,1
1667,3,0
1668,2,3
1669,2,2
1670,3,0
1671,3,0
1672,2,0
1673,3,3
1674,2,0
1675,3,2
1676,3,0
1677,3,2
1678,3,2
1679,2,1
1680,0,1
1681,2,3
1682,3,1
1683,2,2
1684,2,2
1685,2,2
1686,2,2
1687,3,1
1688,3,0
1689,2,1
1690,2,1
1691,2,1
1692,3,2
1693,2,0
1694,2,3
1695,3,1
1696,2,2
1697,3,2
1698,3,0
1699,3,0
1700,1,3
1701,1,3
1702,2,2
1703,1,2
1704,1,2
1705,1,1
1706,1,1
1707,1,2
1708,1,2
1709,1,1
1710,1,1
1711,1,1
1712,1,1
1713,2,2
1714,3,1
1715,2,2
1716,2,1
1717,2,1
1718,1,3
1719,2,1
1720,2,2
1721,2,2
1722,3,1
1723,3,1
1724,2,3
1725,3,0
1726,2,0
1727,3,1
1728,1,1
1729,3,1
1730,2,1
1731,2,2
1732,2,2
1733,2,1
1734,1,2
1735,1,3
1736,2,2
1737,3,0
1738,3,0
1739,3,1
1740,2,2
1741,2,2
1742,3,0
1743,3,2
1744,2,2
1745,2,2
1746,3,1
1747,0,3
1748,2,1
1749,3,2
1750,2,1
1751,3,1
1752,3,0
1753,2,3
1754,2,2
1755,3,1
1756,2,2
1757,3,1
1758,2,0
1759,2,2
1760,1,0
1761,1,0
1762,1,1
1763,1,1
1764,1,1
1765,1,1
1766,2,2
1767,2,1
1768,2,0
1769,2,2
1770,3,1
1771,3,1
1772,3,1
1773,3,2
1774,3,1
1775,1,0
1776,1,0
1777,1,0
1778,2,2
1779,2,0
1780,0,0
1781,2,0
1782,2,2
1783,2,3
1784,1,1
1785,1,0
1786,3,1
1787,4,0
1788,4,0
1789,4,0
1790,4,0
1791,0,3
1792,0,3
1793,0,3
1794,0,3
1795,2,0
1796,2,2
1797,2,0
1798,3,0
1799,2,2
1800,3,1
1801,3,1
1802,3,1
1803,1,3
1804,1,0
1805,2,0
1806,2,0
1807,2,3
1808,1,3
1809,1,0
1810,3,1
1811,3,1
1812,1,1
1813,3,1
1814,2,1
1815,2,1
1816,1,1
1817,1,3
1818,1,2
1819,3,3
1820,3,1
1821,1,1
1822,2,1
1823,2,1
1824,1,2
1825,1,2
1826,1,2
1827,3,0
1828,3,0
1829,3,1
1830,2,3
1831,0,0
1832,0,1
1833,0,2
1834,0,1
1835,0,1
1836,0,2
1837,0,1
1838,0,1
1839,0,2
1840,3,1
1841,3,0
1842,3,3
1843,3,1
1844,2,2
1845,3,1
1846,2,2
1847,1,0
1848,1,0
1849,1,0
1850,2,1
1851,2,1
1852,2,1
1853,2,1
1854,2,1
1855,2,2
1856,3,3
1857,3,2
1858,2,1
1859,2,1
1860,2,0
1861,2,2
1862,2,2
1863,3,2
1864,2,1
1865,2,0
1866,3,1
1867,2,3
1868,2,3
1869,2,3
1870,2,3
1871,2,2
1872,2,2
1873,2,3
1874,2,2
1875,2,2
1876,2,2
1877,2,1
1878,2,2
1879,2,2
1880,2,2
1881,2,2
1882,2,2
1883,2,2
1884,2,2
1885,2,2
1886,2,1
1887,2,1
1888,3,1
1889,4,2
1890,3,0
1891,3,2
1892,3,1
1893,0,3
1894,3,0
1895,3,2
1896,3,1
1897,3,1
1898,3,1
1899,3,0
1900,3,1
1901,3,1
1902,3,1
1903,3,1
1904,3,1
1905,4,0
1906,2,2
1907,3,1
1908,2,3
1909,3,3
1910,0,0
1911,2,3
1912,3,1
1913,2,2
1914,3,1
1915,1,3
1916,0,1
1917,2,3
1918,3,1
1919,3,0
1920,3,0
1921,2,2
1922,0,2
1923,2,2
1924,2,2
1925,3,0
1926,0,3
1927,1,1
1928,2,2
1929,1,0
1930,1,1
1931,1,0
1932,1,1
1933,2,2
1934,1,0
1935,1,0
1936,1,1
1937,1,1
1938,3,1
1939,3,1
1940,2,1
1941,3,1
1942,2,2
1943,2,1
1944,1,0
1945,4,0
1946,4,0
1947,4,0
1948,4,0
1949,4,2
1950,4,2
1951,4,2
1952,4,2
1953,4,0
1954,2,3
1955,2,0
1956,2,0
1957,3,3
1958,2,2
1959,2,2
1960,2,1
1961,2,1
1962,2,1
1963,2,1
1964,2,2
1965,3,3
1966,3,0
1967,1,0
1968,2,2
1969,1,0
1970,1,3
1971,2,0
1972,2,0
1973,3,3
1974,2,2
1975,2,2
1976,2,2
1977,1,0
1978,4,1
1979,2,2
1980,0,2
1981,2,3
1982,3,1
1983,3,2
1984,4,2
1985,4,2
1986,4,2
1987,4,2
1988,4,3
1989,4,2
1990,4,2
1991,4,2
1992,4,2
1993,4,1
1994,4,1
1995,4,2
1996,2,2
1997,4,1
1998,0,3
1999,0,1
2000,3,1
2001,2,1
2002,3,0
2003,3,0
2004,2,3
2005,4,3
2006,4,3
2007,3,0
2008,3,0
2009,3,0
2010,3,0
2011,3,0
2012,3,0
2013,3,0
2014,2,3
2015,2,3
2016,2,1
2017,2,0
2018,3,0
2019,3,0
2020,2,2
2021,2,2
2022,3,0
2023,3,0
2024,3,0
2025,2,3
2026,2,3
2027,2,3
2028,2,3
2029,2,3
2030,2,3
2031,3,3
2032,3,2
2033,2,3
2034,3,0
2035,2,2
2036,2,3
2037,2,2
2038,3,0
2039,3,0
2040,3,0
2041,3,0
2042,3,0
2043,3,0
2044,3,0
2045,3,0
2046,2,0
2047,0,3
2048,2,2
2049,3,1
2050,3,3
2051,2,1
2052,2,1
2053,2,1
2054,2,1
2055,3,1
2056,1,1
2057,1,3
2058,1,2
2059,1,1
2060,1,2
2061,2,3
2062,2,3
2063,2,3
2064,2,3
2065,4,3
2066,4,3
2067,1,3
2068,0,2
2069,4,0
2070,3,0
2071,1,0
2072,3,1
2073,2,0
2074,2,0
2075,3,1
2076,2,2
2077,2,2
2078,3,1
2079,3,0
2080,2,3
2081,3,0
2082,3,0
2083,2,0
2084,3,2
2085,3,1
2086,3,1
2087,1,0
2088,3,1
2089,3,1
2090,2,1
2091,1,0
2092,1,0
2093,1,0
2094,1,0
2095,1,0
2096,3,0
2097,3,0
2098,3,0
2099,3,0
2100,3,0
2101,3,1
2102,2,3
2103,3,1
2104,2,3
2105,3,1
2106,2,2
2107,2,2
2108,4,0
2109,4,0
2110,4,1
2111,4,1
2112,4,1
2113,4,1
2114,0,3
2115,4,1
2116,1,0
2117,2,0
2118,2,0
2119,2,0
2120,2,1
2121,3,3
2122,1,1
2123,1,1
2124,1,0
2125,3,0
2126,4,0
2127,4,3
2128,2,3
2129,2,0
2130,3,1
2131,2,1
2132,3,0
2133,2,3
2134,3,1
2135,2,1
2136,2,1
2137,2,0
2138,3,2
2139,2,3
2140,2,3
2141,2,1
2142,1,1
2143,3,3
2144,2,2
2145,1,0
2146,3,1
2147,2,2
2148,1,2
2149,2,2
2150,1,1
2151,2,2
2152,1,2
2153,3,3
2154,3,3
2155,3,3
2156,3,2
2157,3,2
2158,3,2
2159,3,2
2160,3,2
2161,3,2
2162,3,2
2163,3,2
2164,3,2
2165,3,2
2166,3,2
2167,3,0
2168,3,1
2169,1,1
2170,3,1
2171,2,2
2172,3,1
2173,2,1
2174,2,2
2175,1,1
2176,1,0
2177,3,1
2178,2,1
2179,1,1
2180,1,1
2181,2,3
2182,3,3
2183,3,0
2184,3,0
2185,3,0
2186,1,0
2187,1,0
2188,1,3
2189,3,0
2190,3,0
2191,1,1
2192,1,1
2193,1,1
2194,3,0
2195,1,0
2196,3,0
2197,2,2
2198,1,1
2199,1,1
2200,3,0
2201,2,2
2202,3,2
2203,1,3
2204,1,1
2205,1,2
2206,2,1
2207,3,1
2208,2,3
2209,3,3
2210,3,1
2211,3,2
2212,1,2
2213,1,2
2214,3,2
2215,2,1
2216,2,1
2217,2,0
2218,4,3
2219,2,3
2220,3,0
2221,3,0
2222,3,3
2223,2,3
2224,1,0
2225,1,3
2226,1,0
2227,2,1
2228,3,2
2229,2,2
2230,2,1
2231,3,2
2232,2,2
2233,2,2
2234,1,0
2235,1,0
2236,3,1
2237,1,0
2238,3,0
2239,3,1
2240,3,1
2241,3,1
2242,2,2
2243,2,2
2244,3,1
2245,2,1
2246,2,1
2247,2,1
2248,2,1
2249,2,1
2250,2,2
2251,2,1
2252,1,0
2253,4,1
2254,2,3
2255,3,1
2256,2,3
2257,2,3
2258,2,3
2259,3,1
2260,3,1
2261,1,0
2262,1,0
2263,3,1
2264,1,0
2265,2,1
2266,1,1
2267,1,1
2268,1,0
2269,1,1
2270,1,1
2271,1,0
2272,1,2
2273,1,1
2274,1,1
2275,1,1
2276,1,1
2277,1,1
2278,1,1
2279,2,0
2280,3,1
2281,2,1
2282,2,1
2283,4,1
2284,3,2
2285,2,0
2286,2,1
2287,2,3
2288,2,1
2289,2,1
2290,2,1
2291,3,0
2292,3,0
2293,2,1
2294,2,1
2295,2,0
2296,2,0
2297,2,0
2298,2,1
2299,2,0
2300,2,0
2301,2,0
2302,3,3
2303,2,3
2304,3,0
2305,3,0
2306,3,0
2307,3,0
2308,3,1
2309,3,1
2310,2,0
2311,2,1
2312,3,0
2313,3,0
2314,2,3
2315,2,1
2316,3,1
2317,2,0
2318,2,0
2319,2,3
2320,3,2
2321,2,3
2322,4,1
2323,2,0
2324,2,0
2325,2,3
2326,1,0
2327,2,1
2328,2,1
2329,3,0
2330,3,0
2331,3,3
2332,3,2
2333,1,0
