PC1,PC2,PC3,label_joint,auxiliary_type
-0.9034064,1.4766915,-1.2854527,3,evans
-0.9034064,1.4766915,-1.2854527,3,evans
-0.90438044,1.487952,-1.2952085,3,evans
1.726574,-1.3270543,0.8517758,1,evans
4.037153,-0.7927538,-1.3114429,1,evans
3.66124,0.011614317,-2.3526301,1,evans
3.9548454,-0.8449732,-1.4268162,1,evans
3.7218916,-0.82104087,-1.2522396,1,evans
1.1758503,-1.6049787,0.96099716,1,evans
4.02746,-0.76822597,-1.3343421,1,evans
3.987049,-0.7955889,-1.3917131,1,evans
3.974187,-0.8044838,-1.4115015,1,evans
3.9807405,-0.7820341,-1.4036671,1,evans
-6.1451263,-3.8903172,2.0452838,1,crimmins_thione
-5.588597,-3.5872755,1.9296641,1,crimmins_thione
-5.5890765,-3.5872502,1.9295385,1,crimmins_thione
-6.117309,-3.8629754,2.0808542,1,crimmins_thione
-5.5913477,-3.5791247,1.9221568,1,crimmins_thione
-5.603453,-3.543261,1.8891246,1,crimmins_thione
1.6609017,-2.6304345,-1.1331387,2,evans
1.6413375,-2.6344812,-1.1521376,2,evans
1.3807496,-2.620285,-1.0280128,2,evans
1.4566655,-2.553319,-0.92653006,2,evans
1.5485078,-1.7953106,-2.317743,2,evans
-1.7506629,-2.5330465,0.20707692,2,evans
-3.505761,0.8742747,-1.4580134,1,evans
-3.505761,0.8742747,-1.4580134,1,evans
-3.323589,1.0113171,-1.498135,1,evans
-2.750887,-0.33419502,-1.3213087,0,evans
-2.7836947,-0.18675372,-1.4534141,0,evans
3.3505347,-0.047125336,0.23607062,0,evans
3.371816,0.033670247,0.24308093,0,evans
3.3324935,0.0026338303,0.18815202,0,evans
3.3324935,0.0026338303,0.18815202,0,evans
3.3324935,0.0026338303,0.18815202,0,evans
3.3249278,0.028037837,0.1667902,0,evans
3.2494743,0.9045444,-0.9739902,0,evans
0.8166014,1.9605329,-1.6094998,0,evans
3.2494743,0.9045444,-0.9739902,0,evans
3.3087807,0.06710239,0.1265315,0,evans
3.3261528,0.9650651,-0.8668786,0,evans
-0.5509833,5.098222,-2.4188662,1,other_auxiliary
0.025562499,4.197842,-1.9878774,1,other_auxiliary
-3.291573,-1.1256005,-2.5534494,1,evans
-3.32229,-1.1166531,-2.5586414,1,evans
-3.2258475,-1.1008835,-2.5509942,1,evans
-0.45942038,4.615429,2.3528206,0,oppolzer
-0.69234306,4.794624,2.4730237,0,oppolzer
-1.5286103,-0.56266063,-0.61280245,1,evans
1.0102924,0.23125933,-2.8360536,1,evans
1.0102924,0.23125933,-2.8360536,1,evans
-0.16753888,1.5378754,-4.7137733,1,evans
1.3023874,0.31840828,-2.9501898,1,evans
0.40536213,0.6439505,-2.9381027,1,evans
2.4565082,-0.08569709,-2.5114388,0,evans
2.5590942,-1.5936543,-0.8154496,0,evans
-0.7206394,-1.815086,-2.5439656,2,evans
-0.6880554,-1.784524,-2.4919188,2,evans
-1.5067852,-1.501281,-1.7045853,2,evans
-0.689147,-1.7692273,-2.5033045,2,evans
-0.9585923,-1.774051,-2.3831568,2,evans
-0.6492426,-1.7310419,-2.456124,2,evans
-2.3466518,-1.133946,-1.6101004,2,evans
-3.5036893,-2.5468297,-0.17917252,2,evans
-0.9610205,-1.722707,-2.3745177,2,evans
-4.060079,-1.7796569,-1.0628605,2,evans
-0.9770891,-1.7234404,-2.430079,2,evans
-1.0680757,-0.7995217,-3.6144264,2,evans
-0.77159244,-1.6562591,-2.6878572,2,evans
-3.0649712,0.010910789,-2.3845375,2,evans
-1.0063235,-1.6354365,-2.511032,2,evans
-1.0680757,-0.7995217,-3.6144264,2,evans
-1.0395671,-0.77702034,-3.574603,2,evans
4.857536,-1.0237488,-0.9345138,1,evans
4.8263483,-1.047978,-0.9916229,1,evans
4.8228183,-1.0418549,-1.002123,1,evans
4.8279195,-1.0279099,-0.99920547,1,evans
4.6673503,-0.9505716,-0.7215064,1,evans
4.621746,-0.9788504,-0.7783241,1,evans
4.815583,-1.0153873,-1.0215893,1,evans
4.8157573,-0.8790406,-1.0662575,1,evans
2.284712,0.98250264,-2.8582132,1,evans
2.1448417,-2.9485316,-0.5326039,2,evans
-0.046224497,-4.061089,1.9025854,2,evans
2.0013628,-2.3256407,-0.7675142,2,evans
2.3800342,-2.2860682,-1.5581928,2,evans
2.6123676,-2.306765,-1.7356468,2,evans
2.6765177,-3.1428058,-0.6316249,2,evans
1.8059618,0.18125449,-2.809095,1,evans
1.8026044,0.18143024,-2.8099754,1,evans
1.7724302,0.17502974,-2.8638072,1,evans
1.7234571,0.32011443,-2.9974375,1,evans
-0.5028287,-0.15613239,-0.7278998,1,evans
0.7150429,-2.5733812,-0.51328254,3,evans
1.5014092,-2.8799648,-1.3569182,3,evans
-1.6026264,3.3177476,-0.5865658,1,evans
-2.1226587,-2.8264837,-6.5056787,3,other_auxiliary
0.50687325,1.4188945,-2.3285048,0,evans
-1.1010351,-1.7746397,-2.427562,2,evans
-1.1468775,-1.81118,-2.495597,2,evans
-0.841718,-1.7599448,-2.576449,2,evans
-1.115818,-1.7677275,-2.4548075,2,evans
-3.1388295,-2.2855425,-0.40404782,2,evans
-1.0787913,-1.7293915,-2.4083817,2,evans
-3.7400684,-1.3367904,-2.9230008,2,evans
-3.1593068,-2.0027359,-0.5792697,2,evans
-1.0315198,-0.8393403,-3.9212136,2,evans
5.1922116,-1.3198189,-0.36135894,1,evans
5.1922116,-1.3198189,-0.36135894,1,evans
2.6999009,-2.4569833,-0.620711,2,evans
2.734643,-2.4265347,-0.5680986,2,evans
3.896294,-0.6056039,-1.1137004,1,evans
3.8423688,-0.44584778,-1.2608438,1,evans
3.6283844,2.8999505,0.6763708,0,other_auxiliary
3.877954,-0.70370597,-1.4747938,0,evans
3.825375,-0.5470159,-1.618591,0,evans
-3.4952097,-5.513651,4.270239,1,crimmins_thione
-3.11159,-5.107622,4.058651,1,crimmins_thione
-3.0587628,-5.0543933,4.1304126,1,crimmins_thione
-2.7543824,5.351796,1.0212702,0,oppolzer
3.557073,-0.5962834,-1.6410664,1,evans
3.557073,-0.5962834,-1.6410664,1,evans
2.4456587,-0.17426036,-0.9306534,0,evans
-0.17136432,3.1003163,-2.017231,1,evans
-0.11030358,2.2692416,-0.9180896,1,evans
2.824221,-3.3439775,-0.43464833,2,evans
-2.6762202,-2.2053175,-1.0977317,3,evans
-0.46863917,-1.7091426,-3.4064012,3,evans
-0.8037818,-0.735083,-4.4408236,3,evans
-3.0043223,0.3002083,-5.2537875,3,evans
-2.123469,-0.6601809,-2.6871088,3,evans
-1.909689,-0.28893536,-5.1921253,3,evans
2.1504781,0.5725876,-0.3059617,1,evans
3.2540796,0.24023047,0.40108106,1,evans
3.2234125,0.21784215,0.36069155,1,evans
7.065262,-1.7768271,0.7093212,1,evans
7.0239925,-1.654565,0.5967114,1,evans
2.9248834,-3.1885254,-0.03130259,2,evans
2.9445474,-3.1895547,-0.026146013,2,evans
-3.0339284,-4.623659,3.4337623,2,crimmins_thione
-3.0813394,-4.632627,3.3601844,2,crimmins_thione
0.7334814,6.1342974,-1.0982544,0,oppolzer
-0.8028855,5.7494545,-0.9563882,3,oppolzer
-1.0532677,5.4868555,2.1404002,0,oppolzer
4.9094386,-1.2666926,-0.8228679,1,evans
0.82682306,-2.0642467,-2.2206311,3,evans
-1.5025672,-0.099825166,-4.2832894,3,evans
0.6979735,-1.1351166,-3.4703271,3,evans
0.83880216,-1.9106363,-2.2591925,3,evans
1.5142908,0.29184774,-2.778627,1,evans
1.2023588,0.2585821,-2.714479,1,evans
1.1379966,1.099438,-3.8226285,1,evans
-1.3416651,-0.5222587,-0.503428,1,evans
1.4317287,0.2508512,-2.9035668,1,evans
0.6442616,0.5606951,-2.0629344,1,evans
-1.8980268,0.24971579,-1.3911805,1,evans
1.1855128,0.30430213,-2.7568972,1,evans
-0.7986093,-0.1848827,-0.6510808,1,evans
1.3235577,1.2173051,-4.1277065,1,evans
-3.1950707,-0.2667233,-0.82638377,1,evans
-3.1210449,-4.770547,4.6559396,0,crimmins_oxathione
-4.2886863,-0.52654624,0.8936109,2,crimmins_oxathione
-2.8136673,3.5553882,0.30085194,0,oppolzer
0.67241025,-0.6983319,4.3673096,2,evans
-0.4873785,-0.36041453,-0.61554843,0,evans
1.6099956,0.37106988,1.9242333,0,evans
1.6099956,0.37106988,1.9242333,0,evans
3.2723122,0.18951826,-0.394418,0,evans
1.7957222,1.2347298,10.082912,1,evans
1.8333421,1.265028,10.13628,1,evans
2.8681586,-0.36105248,-1.9027557,1,evans
3.6286225,-0.5532889,-1.2278237,1,evans
0.44605556,-0.60637426,-0.02665035,1,evans
1.0194882,-1.5987699,-0.99651474,2,evans
-3.55824,-2.199914,-0.7203594,3,evans
-0.88839155,-2.30794,-1.0377651,1,evans
-3.8652337,3.3289917,1.5833468,0,evans
0.9566724,1.5250098,-1.3761865,0,evans
4.560001,-0.9484222,-1.181262,1,evans
-0.8540212,0.011872569,-0.24093425,2,evans
-2.6925347,-4.9765716,4.4530015,1,crimmins_thione
4.032421,-0.36418852,-2.1059535,0,evans
3.9307044,-0.06863181,0.7249569,0,evans
2.5853508,0.42068428,0.13051523,0,evans
-3.657312,0.45123166,-2.9342542,3,evans
1.1359583,0.27184272,-3.0841513,0,evans
1.422066,-0.16310957,1.7034948,3,evans
3.0252042,0.8407611,0.5128992,0,evans
-1.7101827,-5.241777,4.905293,1,crimmins_thione
2.2176542,-2.9233313,-0.95203406,3,evans
4.3802557,-0.895589,-1.2788522,0,evans
-1.5035676,0.16866212,0.50739145,2,evans
2.8575575,-1.9754238,0.15041,2,evans
1.6762251,-0.012731773,-2.9575977,0,evans
-0.47772536,0.38269797,3.475686,0,crimmins_thione
1.3435615,-3.006893,4.0833015,2,crimmins_thione
0.6999505,0.75423944,-1.0105244,0,evans
0.9298912,0.7458114,-1.1898141,0,evans
0.92754316,0.7433988,-1.1973641,0,evans
0.92877007,0.74813867,-1.2011139,0,evans
-1.6150253,2.7787318,-3.0682707,0,evans
0.64822644,0.907475,-1.151662,0,evans
3.7406628,-0.46900448,0.67015445,1,evans
1.1959363,1.566442,-1.201318,1,evans
2.372942,0.15685044,-0.008546012,1,evans
1.4069359,0.21612094,-3.088704,0,evans
0.1407605,0.76134276,-3.5715797,0,evans
-6.807156e-05,1.5368629,-4.782714,0,evans
1.2455668,0.31845558,-2.823281,0,evans
-1.1425736,2.2678308,-4.9750032,0,evans
1.1604558,0.42675912,-3.004461,0,evans
1.0579662,1.2325397,-4.162039,0,evans
1.0963055,1.2628002,-4.1084833,0,evans
-6.329443,-4.317813,2.6724055,2,crimmins_thione
-6.40704,-4.357467,2.5474102,2,crimmins_thione
-6.409241,-4.3509464,2.5414045,2,crimmins_thione
-6.4099326,-4.346106,2.5371516,2,crimmins_thione
-6.4139633,-4.1903234,2.4750946,2,crimmins_thione
-1.1650081,-1.7098172,-2.5244277,3,evans
-0.019534776,-2.1209648,-1.7233199,3,evans
-0.10082919,-2.1833124,-1.8344303,3,evans
4.1001015,-0.100844905,-1.9916714,1,evans
3.4078314,-0.8142653,-1.4225086,1,evans
4.744106,-1.282662,-0.85140824,1,evans
3.1573415,-0.5549716,-0.055341322,2,evans
3.204409,-0.46669117,-0.1562373,2,evans
3.098847,-0.46282044,-0.18615015,2,evans
3.1008132,-0.46126863,-0.18340375,2,evans
-3.231527,-4.814936,4.828337,2,crimmins_oxathione
-3.2655497,-4.845422,4.7759132,2,crimmins_oxathione
2.1684651,-0.9314957,1.4525414,3,evans
-0.92556673,2.9868417,1.3644485,0,oppolzer
-1.6263709,-5.6925993,5.055109,1,crimmins_thione
-6.236764,2.1803904,-3.1317055,3,crimmins_oxathione
-3.2162018,-2.7369215,-0.011259654,2,evans
-0.32367584,7.3124843,7.7709713,1,oppolzer
-0.8662818,4.7832484,2.0848675,0,oppolzer
3.0958145,-0.35360327,-1.6415527,1,evans
3.0958145,-0.35360327,-1.6415527,1,evans
-5.177445,-1.8766536,2.4223778,2,evans
-5.2038803,-1.8508811,2.3952909,2,evans
-1.4953623,5.79667,8.641202,1,oppolzer
5.2488484,-4.066877,1.1289421,3,evans
2.8092752,1.3535554,0.40216595,0,evans
-5.1734395,3.47875,2.6130068,3,crimmins_oxathione
-2.1891382,-0.65452766,-0.57508385,3,oppolzer
0.33927003,5.300652,3.543888,3,oppolzer
4.3989944,-2.110675,2.4430058,0,evans
-0.73923004,0.080753095,-1.5712403,3,evans
0.31811967,-0.02947401,-1.4256089,0,evans
-1.4106472,-0.45513695,-0.76377624,3,evans
-4.087696,5.605507,5.7239704,2,evans
3.3445215,1.450467,1.4273398,0,evans
3.604411,2.1486394,3.824462,3,evans
2.5781426,-3.2986062,-0.5344135,2,evans
5.980301,-1.6180223,0.06671761,0,evans
6.0536227,-1.5475576,0.16467007,0,evans
-0.9574869,5.3896556,2.1039453,0,oppolzer
5.864189,-1.1327779,0.39191908,1,evans
3.6457286,-0.55058396,-1.6055268,1,evans
2.4394584,-3.0901387,-0.76709414,2,evans
2.2451048,-3.0350254,-0.5306021,2,evans
2.4001076,-2.9679766,-0.8792007,2,evans
3.6463718,-1.5922751,1.2031361,3,evans
-1.5955921,-5.4362545,4.8983474,1,crimmins_thione
2.3983684,-1.226584,2.1381893,2,evans
-6.80758,3.5285506,-0.85439533,0,crimmins_oxathione
-6.694187,3.4488125,-0.7896974,3,crimmins_oxathione
-6.5663204,3.402865,-0.7184754,3,crimmins_oxathione
-6.0549026,3.18937,-0.40880677,3,crimmins_oxathione
-6.595749,3.4539998,-0.7300331,3,crimmins_oxathione
-6.7674417,3.4681144,-0.8548317,3,crimmins_oxathione
-6.405952,3.334961,-0.7688623,2,crimmins_oxathione
-4.602714,2.9822037,0.45806268,3,crimmins_oxathione
-6.557614,3.6597798,-0.6964518,3,crimmins_oxathione
-5.991002,3.4644291,-0.21717085,3,crimmins_oxathione
-5.9027324,1.1400566,-3.2869883,3,crimmins_oxathione
-6.490053,1.7751921,-1.9675257,3,crimmins_oxathione
3.906634,-3.2563748,0.20129175,2,evans
-6.5105042,0.3302388,6.1279507,2,evans
-1.9537958,-1.6927658,4.3605003,2,evans
-0.43259874,0.7563909,1.2836063,0,evans
4.2561545,-3.4109666,-0.250216,3,evans
4.2561545,-3.4109666,-0.250216,3,evans
-3.7032492,-4.7494307,4.7962127,2,crimmins_thione
7.4523067,-1.7596622,0.74977726,1,evans
5.978447,-0.32603425,-1.1026101,1,evans
6.5846567,-1.517593,1.0884788,2,evans
5.2119846,-0.8770668,0.39626536,2,evans
3.635271,0.19647606,-2.3352664,1,evans
2.9430013,-0.51694435,-1.766103,1,evans
0.7013588,1.4369881,-3.6792989,3,evans
0.7889821,0.6237121,-2.5367742,3,evans
1.96541,-0.121990815,-2.5234644,1,evans
1.9605916,-0.10492428,-2.5389783,1,evans
4.7406034,-0.9236488,-0.6342919,1,evans
4.7592096,-0.7015531,-0.6767686,1,evans
0.103120334,-1.1536483,-1.7034378,2,evans
-2.5100534,-5.7530866,4.967659,2,crimmins_thione
-2.539545,-5.776364,4.926462,2,crimmins_thione
6.4999933,-4.1838746,1.7885131,3,evans
6.4479628,-4.2225194,1.7190973,3,evans
-1.251032,-1.2691222,-3.484897,2,evans
-1.283827,-1.2907853,-3.5390813,2,evans
-5.5846744,-3.6002915,1.9415503,2,crimmins_thione
-6.148428,-3.8805363,2.036275,2,crimmins_thione
-6.149049,-3.877301,2.0333977,2,crimmins_thione
-6.746664,-2.9942749,1.0425396,2,crimmins_thione
1.6643531,-0.45943865,-0.05174332,3,evans
3.521743,-2.244411,2.4760191,1,evans
0.58237505,-1.8609804,2.7741635,1,crimmins_thione
0.6142395,-1.830381,2.8260214,1,crimmins_thione
-6.0142117,-1.1608056,-5.3319807,0,crimmins_oxathione
-5.851303,-1.320993,-5.2620316,0,crimmins_oxathione
-5.97973,-1.1754873,-5.317617,0,crimmins_oxathione
-5.935653,-1.1853683,-5.280689,0,crimmins_oxathione
-5.8803325,-1.335487,-5.2560725,0,crimmins_oxathione
-5.9362035,-1.1837381,-5.28219,0,crimmins_oxathione
-6.0942254,3.2585456,-0.46542963,3,crimmins_oxathione
3.5057824,-0.4418341,-1.8158927,1,evans
-2.2882001,-1.2072026,0.6910505,1,evans
1.7867998,-1.0938075,0.77034646,0,evans
1.7496717,-1.0603707,0.69758666,0,evans
1.770292,-1.0449027,0.7253026,0,evans
4.067976,-0.3275172,-1.6918614,0,evans
-1.2705457,0.17583826,-1.7941157,2,evans
0.6603526,4.4484906,9.0054245,0,evans
2.31424,0.3042825,-1.4781016,2,evans
-2.817255,-0.21880974,-1.7432597,3,other_auxiliary
5.788973,-1.0854118,-0.21244545,1,evans
4.3068876,0.32229096,-2.0673606,1,evans
3.8994727,-0.72263867,-0.51549816,2,evans
2.5350535,-0.10656426,-1.1851896,2,evans
3.6726108,-0.34548637,-0.6414503,2,evans
2.334514,0.12135103,-1.21526,2,evans
2.3185034,-0.013107566,-2.413281,1,evans
-1.0053831,-0.022556929,-0.8925692,1,evans
-2.854172,2.7878823,2.803487,2,evans
-2.8428607,3.3698263,2.0284228,2,evans
0.16324338,-1.8407794,2.523524,1,crimmins_thione
-0.3678836,-2.096871,2.6757348,1,crimmins_thione
-6.0366445,-1.0087665,-5.2749543,0,crimmins_oxathione
-5.9659777,-1.0366261,-5.2353272,0,crimmins_oxathione
1.1338022,-0.3904815,0.88678634,0,evans
-4.4944606,-2.2225761,2.8442314,2,evans
3.2630866,0.12546465,-1.665606,3,evans
-8.820895,0.3716595,5.995277,2,crimmins_thione
-1.8546071,-0.9462715,-3.9774086,3,evans
-3.8037128,-1.5067611,-7.156878,3,other_auxiliary
0.56405854,-0.41010112,0.47419798,3,evans
-0.6999122,1.0253881,1.2438511,0,evans
-0.37178993,6.6024814,5.0429363,1,oppolzer
1.9959326,0.3146624,-0.11514738,0,evans
0.03061354,2.01722,-1.9577647,0,evans
2.5276375,0.12519082,-0.21823254,0,evans
-2.503493,3.7367895,3.2374613,1,evans
1.0409043,0.85654604,-1.0627165,1,evans
0.90007573,1.6320664,-2.273851,1,evans
0.6165687,1.8043687,-2.2360334,1,evans
-0.48933864,2.2505167,-2.9873343,1,evans
-0.70311826,1.8792707,-0.48231846,1,evans
2.0585191,-2.9949932,-1.0387471,3,evans
1.2946523,0.6327822,-0.5236033,1,evans
0.7117321,0.9802669,-0.56559426,1,evans
1.2935518,0.63604254,-0.52660626,1,evans
1.2904621,0.6410084,-0.53148794,1,evans
2.8965309,-2.8751776,-1.1986513,2,evans
2.1348448,-2.3780084,-1.0191386,2,evans
2.7870476,-1.9006484,-2.4299212,2,evans
4.229815,4.099323,5.7030544,1,oppolzer
0.3236565,6.7763314,0.9260727,2,oppolzer
1.1974406,2.5166097,5.183545,2,oppolzer
4.723868,-0.7339514,-1.1078478,1,evans
3.7434707,-0.8379742,-1.1750962,1,evans
3.0848837,-0.5215192,-1.9047021,1,evans
4.599159,-2.6136625,3.1672962,1,evans
5.730113,12.791726,16.3133,2,evans
2.4935546,-1.9508623,-0.10818451,2,evans
1.2290576,0.21199374,-2.8077035,2,evans
-5.9345403,-4.495847,2.8146908,1,crimmins_thione
-5.9345403,-4.495847,2.8146908,1,crimmins_thione
4.028604,-0.34953946,1.0122238,1,evans
0.08538561,2.7423017,9.40207,2,evans
-0.275145,-2.107963,2.7386985,1,crimmins_thione
-1.5882303,-2.5484433,-5.101576,2,evans
-4.7456875,-0.38670933,0.39609206,3,crimmins_oxathione
-4.0643063,-0.67719626,0.78208995,3,crimmins_oxathione
-0.9878575,-1.7941347,-2.581681,3,evans
-1.0112706,-0.9279594,-3.6315193,3,evans
-1.0371838,-1.641025,-2.7221894,3,evans
2.0743763,-0.19405639,-1.9055177,0,evans
2.2636092,-2.725493,-1.5040982,2,evans
4.304548,-1.0401036,-1.0629754,1,evans
0.57184076,-2.5396073,3.3025086,1,crimmins_thione
-2.5241401,3.238814,11.119567,2,oppolzer
4.199541,-0.3088861,0.7208263,0,evans
3.9800315,0.7422324,0.13536249,1,evans
2.3688307,-1.3977039,1.2695093,1,evans
0.21063125,-3.4384885,1.6083398,2,evans
0.3300071,1.6169276,4.740384,2,evans
1.6546257,-2.7281227,-0.84355426,2,evans
-2.5470245,-2.0532618,-1.0087856,3,evans
1.1270387,0.486999,-0.8785649,1,evans
1.0948365,1.3680472,-1.9429227,1,evans
0.4344232,1.8138287,-2.1559534,1,evans
-1.4166306,2.5255923,-2.752474,1,evans
2.733431,-0.2718221,-1.2721336,3,evans
2.7332191,-0.26700693,-1.2762606,3,evans
2.6255982,0.69781697,-2.4988987,3,evans
1.350069,0.328696,-1.969101,3,evans
-2.2624578,-1.239846,-2.028352,2,evans
-2.5157413,-1.1780185,-1.8903214,2,evans
-1.5831617,-0.5832362,-4.0931244,2,evans
-1.5831617,-0.5832362,-4.0931244,2,evans
-1.4837896,-1.3888532,-2.9363642,2,evans
0.20067409,0.8926299,-1.158434,1,evans
0.13229075,1.7433047,-2.2757816,1,evans
4.029321,-0.34208143,0.7291194,1,evans
3.1028576,0.9267108,-0.38253212,1,evans
1.2992525,-2.1974747,-1.465979,2,evans
1.2189343,-2.2513998,-1.5794735,2,evans
1.2150824,-2.2399886,-1.5899837,2,evans
0.9695358,-2.0614262,-1.4783522,2,evans
-5.716554,-4.0760193,2.4929802,1,crimmins_thione
-6.2903543,-4.323711,2.5579271,1,crimmins_thione
-6.2913136,-4.323661,2.5576756,1,crimmins_thione
-1.216265,7.3513145,-0.022959057,2,oppolzer
-2.1232758,-0.5838104,-1.1455296,1,evans
-2.1514282,-0.43341026,-1.2791289,1,evans
-0.23659074,-1.6722759,-3.2310834,3,evans
-0.47153467,-1.6507217,-3.0603743,3,evans
-1.0427592,-0.76153916,-3.6219673,3,evans
6.8484793,-1.5060537,0.8647194,1,evans
0.10195339,-3.571753,1.5669131,2,evans
-3.8866596,-5.269106,4.052837,2,crimmins_thione
-0.7789272,-2.570736,-0.77169794,0,evans
7.0121956,-4.142081,1.5532542,2,evans
-1.3215908,3.2566774,2.3238459,2,evans
2.8931656,-0.5349081,-1.8193616,1,evans
3.431597,-0.055435576,0.25918072,0,evans
3.5248544,0.006050361,0.3834039,0,evans
4.473021,-0.39743194,-1.8864721,1,evans
4.6004424,-0.74012136,-1.2235062,1,evans
1.25579,-2.8451962,4.2582655,2,crimmins_thione
1.9483759,-2.7121222,-0.97313374,2,evans
1.6855155,-2.6898007,-0.8563904,2,evans
1.9420929,-2.642668,-1.0151993,2,evans
1.8093245,-1.7360175,-2.2648623,2,evans
2.4637363,-3.0943623,-0.576413,2,evans
2.384857,-3.1483624,-0.6895303,2,evans
2.394137,-3.1389732,-0.6772995,2,evans
2.147021,-3.111364,-0.52709126,2,evans
-7.2598214,-2.561366,3.0139675,1,crimmins_thione
-7.2569437,-2.5615168,3.0147219,1,crimmins_thione
2.4251354,4.351874,4.597931,1,oppolzer
1.5841701,-2.8754983,-0.839269,2,evans
0.87557423,-1.4326987,0.81345636,1,evans
3.3440614,0.22000894,-2.5344603,1,evans
0.828661,-1.2909247,0.6830805,1,evans
1.0939941,5.801208,2.4071822,3,oppolzer
1.0939941,5.801208,2.4071822,3,oppolzer
3.378159,-0.6664294,-1.7765529,0,evans
2.5917919,-0.35984597,-0.9329165,0,evans
4.997323,-1.1888789,-0.84946936,0,evans
4.94548,-1.039774,-0.9962156,0,evans
1.3571596,-0.6586325,-0.90029305,2,evans
1.3233783,-0.69740516,-0.96380794,2,evans
0.7108743,-3.0277743,3.0559533,2,evans
-0.6048326,-1.5530046,-3.325987,2,evans
-0.88600266,0.7459452,-2.682124,2,evans
-0.93867147,1.0572127,-2.819674,2,evans
3.475018,-0.48205474,-1.6803268,1,evans
3.4228868,-0.47280023,-1.7731016,1,evans
-4.177276,-0.63267773,0.69128877,3,crimmins_oxathione
-3.395474,-1.0834463,-2.6180286,1,evans
-4.644989,-0.60469896,-3.1463015,1,evans
0.35886174,7.5475445,1.3135488,1,oppolzer
-5.7810683,0.0106096575,1.8071702,2,crimmins_thione
-5.291256,-0.4283728,2.1362216,2,crimmins_thione
-5.291256,-0.4283728,2.1362216,2,crimmins_thione
6.486573,-4.103487,1.802987,2,evans
-2.1661096,8.011982,6.6443644,1,oppolzer
-1.0450871,-1.3162341,-2.4617076,2,evans
-3.1370823,0.314271,-2.3817332,2,evans
-2.8343349,0.215225,-2.2119677,2,evans
-0.75059295,-1.3908275,-2.3144636,2,evans
-3.1030228,-1.1012274,1.0639597,1,crimmins_thione
-2.5486228,-0.7932694,0.94371027,1,crimmins_thione
1.7409168,-2.4198198,-1.0977886,2,evans
1.7016522,-2.4330842,-1.1568673,2,evans
3.1856287,4.2570467,-0.090973124,0,other_auxiliary
-2.602844,-1.2281115,1.3911104,1,crimmins_thione
-2.0706213,-0.9479504,1.2260053,1,crimmins_thione
3.4212253,-1.8831841,2.0061128,1,evans
3.422664,-1.8832594,2.0064902,1,evans
0.02429217,-1.8345238,2.7947466,3,evans
2.2781827,-1.3261204,0.55665237,3,evans
0.86418796,-1.3968728,0.78061277,1,evans
-1.8924993,-0.16214652,-1.3259174,1,evans
-4.4235516,-2.3035235,1.2216845,3,crimmins_oxathione
-4.4242706,-2.3034859,1.2214959,3,crimmins_oxathione
-6.319221,-4.169292,3.085225,3,crimmins_thione
-6.3199406,-4.1692543,3.0850363,3,crimmins_thione
2.7132623,0.8539168,-1.2625121,1,evans
0.7713922,-2.0398953,-1.7273954,2,evans
2.7791612,1.9393095,-0.8225547,1,evans
2.1056461,1.3907676,-0.6714857,2,evans
2.3347278,0.3244983,-1.4897494,2,evans
-4.1514134,-2.1171668,1.4085867,1,crimmins_oxathione
-0.28924882,0.016655676,-1.0021757,0,evans
-1.0542732,3.1812332,7.5021887,1,evans
-1.2460612,2.8177676,7.892907,1,evans
-6.125957,-4.566198,2.5568392,3,crimmins_thione
-6.145357,-4.505932,2.5015366,3,crimmins_thione
-5.6231117,-4.1034117,2.2941394,3,crimmins_thione
0.17932995,-2.5579364,4.883723,1,crimmins_oxathione
1.5654633,-2.7285917,-1.1890672,2,evans
1.3239802,-2.576104,-1.1253006,2,evans
3.160399,-0.39964768,-0.2625133,1,evans
-1.8370308,-2.6051056,0.2575032,2,evans
-1.8715627,-2.603298,0.2484477,2,evans
1.2061949,-2.4303887,-1.2188091,2,evans
1.3841317,-2.3134792,-2.718709,2,evans
0.1206282,-1.7688429,-2.5768332,2,evans
1.597215,-2.1860573,-1.4611957,3,evans
2.208072,-2.427206,-1.4142234,3,evans
-0.25207403,-2.0009837,-2.2367673,3,evans
-0.25898758,-1.9798043,-2.2562234,3,evans
1.8427358,-2.3334823,-1.9777784,3,evans
0.50090253,-1.7044717,-2.6189966,3,evans
-1.1916997,-0.40212718,-1.1964858,3,evans
-0.50648284,-1.230611,-0.5902082,3,evans
-0.9481708,-5.6302857,5.371882,1,crimmins_thione
-5.0621204,3.7471023,4.33307,0,crimmins_thione
-2.8510878,-0.8078382,1.659346,2,crimmins_oxathione
-0.47868803,-1.6295296,-3.0798934,1,evans
-0.5232588,-1.4974862,-3.201512,1,evans
-2.2241695,-1.1416781,2.05094,2,crimmins_oxathione
-2.5845041,-2.301428,-0.206271,0,evans
-0.42465347,-0.26553458,-0.5405966,3,evans
-3.1612794,4.0579963,7.4683437,2,evans
-0.77088267,-0.5166477,-1.1328294,3,evans
-0.7752847,-0.5036064,-1.1448411,3,evans
-2.0249016,7.9703417,6.715957,1,oppolzer
1.1265451,1.9490701,-0.8230251,2,other_auxiliary
1.0634377,2.0911183,-0.9689693,2,other_auxiliary
0.4470961,3.1079075,2.1736736,0,evans
0.18133931,3.1022234,2.304438,0,evans
-1.0518669,1.8634012,-2.4724326,2,evans
-5.545175,-4.2779217,2.3986163,3,crimmins_thione
-5.585725,-4.155697,2.2861953,3,crimmins_thione
-0.31956252,1.3734895,-1.2432964,2,evans
0.062171366,4.473105,2.5547566,0,oppolzer
-0.78859526,4.7738214,2.212388,0,oppolzer
-1.2367074,4.902637,1.8348749,0,oppolzer
5.7459145,-0.5215709,0.76618147,0,evans
-0.52708757,-1.4728485,-3.2169511,2,evans
-0.5107957,-1.4624916,-3.222179,2,evans
-3.0813746,0.50360733,-5.111361,2,evans
-0.648502,-0.55238086,-4.4758515,2,evans
-1.1830676,-1.5636694,-1.6980768,2,evans
-2.5392287,-2.270069,-0.15883853,2,evans
-3.7836878,-1.4873732,-1.2983298,2,evans
-0.5098242,-0.8891276,-3.779366,2,evans
-2.7390528,-0.057998363,-2.3720233,2,evans
-0.69785213,-1.5221041,-3.3152964,2,evans
-3.2771518,0.48448557,-5.240694,2,evans
-1.0766118,-0.5508056,-4.4277306,2,evans
3.7532396,-3.5410876,0.45121506,2,evans
3.684857,-2.6904123,-0.66613233,2,evans
2.957352,-0.7854342,-1.0530471,1,evans
4.3574,-0.7925627,-1.2762864,1,evans
3.9823234,0.16573231,-2.3768976,1,evans
-4.9634614,2.5789688,-3.8446062,0,myers
-5.0564675,2.9696877,-4.1797676,0,myers
-5.1505785,2.5995772,-3.7702692,1,myers
-5.2435846,2.9902961,-4.1054306,1,myers
-4.8575883,-2.300616,0.787011,0,crimmins_thione
-4.3050795,-1.987755,0.6621945,0,crimmins_thione
-5.4529467,-1.414505,-0.20596941,0,crimmins_thione
-0.2445113,-5.0763273,7.6800547,1,crimmins_thione
3.2870147,-3.305099,0.00825979,2,evans
2.0723255,-0.17534447,-2.5048895,1,evans
2.8387582,1.7854573,1.0109198,1,evans
-1.8299422,1.898533,1.2335752,2,evans
0.07804195,2.471531,-1.0307108,2,evans
-1.7777523,-0.5049619,0.41927615,1,crimmins_oxathione
-2.5113943,1.1997174,0.33203295,2,evans
-2.5099196,1.2008812,0.33409277,2,evans
5.5418057,-1.2994955,-0.29409632,1,evans
5.4543242,-1.1862636,-0.47996962,1,evans
-1.8515311,-2.5535781,0.2203227,2,evans
-1.8860631,-2.5517707,0.2112672,2,evans
1.195106,-2.3889682,-1.2466806,2,evans
-1.1838294,5.3483524,-2.633744,0,other_auxiliary
2.03748,-2.9359858,-0.8947664,2,evans
1.7402745,-2.9544625,-0.8163278,2,evans
1.803706,-2.8756332,-0.7276191,2,evans
-0.85965204,-3.6101437,1.4005772,2,evans
-0.44747993,5.2489247,-2.5361433,1,other_auxiliary
1.7782052,6.259802,9.249356,1,oppolzer
-0.21421055,-2.3626873,4.581365,1,crimmins_oxathione
2.1657562,-2.5318065,-1.6823475,2,evans
4.891207,-1.2174962,-0.97408324,0,evans
5.726382,4.61774,3.9079854,1,evans
2.0960495,6.798412,-0.039003745,1,oppolzer
5.1285224,-3.961227,1.2623854,2,evans
1.0970609,-4.4122295,2.66874,2,evans
0.95902777,0.2869801,-3.097029,1,evans
3.1791587,5.2329526,0.5193163,1,oppolzer
4.1073275,4.8244486,1.1145593,1,oppolzer
-2.6333313,-2.2880423,-0.30580547,0,evans
5.3326707,-1.4106205,-0.4569042,1,evans
1.8169767,-1.6492543,-0.113639064,2,evans
0.37204108,0.8706522,-1.0360862,1,evans
5.1916537,-1.158396,-0.59029305,0,evans
1.6930516,-2.625168,-2.0288773,3,evans
3.0807498,-3.1391623,-0.4502043,2,evans
3.1606443,-3.0756073,-0.34496385,2,evans
1.670771,-2.8307314,-1.1224536,2,evans
0.045178775,-0.7807801,-1.1246047,3,evans
-2.5178647,-1.5045775,1.0339584,3,evans
-2.6234996,-0.99420404,1.8840708,1,crimmins_thione
3.6364393,0.5991515,0.54823697,2,evans
0.11984496,-2.1598854,-2.1493733,2,evans
-2.6932144,-2.594738,0.02436881,2,evans
-2.5400171,-0.25644803,2.5031185,2,crimmins_oxathione
-0.98347145,2.4031363,0.31001294,3,other_auxiliary
1.5807114,2.0553265,-1.6531016,0,evans
-1.8931693,-6.2048945,5.303499,2,crimmins_thione
3.8411658,-3.0084007,-0.67966706,3,evans
-3.2434933,-0.12326872,-0.9585126,1,evans
-3.2484088,-0.12714815,-0.9653787,1,evans
-0.19733173,-1.7445416,-1.9270271,2,evans
3.1618965,-2.1217124,2.2062428,1,evans
2.6325827,-0.2266407,-2.0873523,1,evans
0.015053975,-2.3074536,3.5475104,2,crimmins_thione
0.09313474,2.881909,-1.2688682,2,myers
-0.53000623,9.343556,1.3822398,3,evans
-1.0533526,9.398233,1.2358876,3,evans
-3.2316835,-1.4818356,-2.4275343,1,evans
-2.5860393,-1.724928,-2.0290875,1,evans
-2.3888564,-0.7714594,0.85375017,0,crimmins_thione
-2.2785444,-0.9693959,0.9231102,0,crimmins_thione
-0.51012945,-1.4307094,2.1121652,1,crimmins_thione
0.23050645,8.407326,3.3682382,2,evans
1.0555289,7.965316,3.5285575,3,evans
2.6366458,-0.42013258,-2.2998877,0,evans
4.6446233,-0.9786792,-0.98121405,1,evans
4.1749196,-0.76242965,-1.4041259,0,evans
5.2033296,-1.2401187,-0.7618925,0,evans
1.7803634,-2.9497693,-0.71608114,2,evans
1.7842277,-2.9005184,-0.7289521,2,evans
-0.2742824,-0.77383536,0.8159256,1,evans
-5.030749,-4.4714913,2.6925032,3,crimmins_thione
-5.0657964,-4.3655686,2.5950968,3,crimmins_thione
-3.3210359,-4.8620253,3.8985016,2,crimmins_thione
-3.3566334,-4.7544723,3.7995942,2,crimmins_thione
-0.2316162,-0.6525833,0.24583182,0,crimmins_thione
-5.9025764,-4.357262,3.1692677,3,crimmins_thione
-4.858066,-3.363215,0.9623921,2,crimmins_thione
2.1809406,-2.6950974,4.0435333,2,crimmins_thione
2.59005,-2.3148158,-1.5941215,2,evans
2.484423,-3.0368724,-0.23638038,2,evans
-0.78045285,-0.47327286,-1.9484493,2,evans
-3.5930474,-1.2733952,0.39519447,2,evans
1.2815626,6.342833,2.195705,1,oppolzer
0.6651417,7.399033,1.623972,1,oppolzer
2.249354,6.1304393,2.6515095,1,oppolzer
1.6329327,7.18664,2.0797753,1,oppolzer
1.6060839,6.2774763,2.4362276,1,oppolzer
0.98966306,7.333676,1.8644948,1,oppolzer
1.949246,6.2426004,2.6132135,1,oppolzer
1.3328248,7.298801,2.0414805,1,oppolzer
-4.609273,-2.1644957,0.9404502,1,crimmins_thione
-4.0567636,-1.851635,0.8156336,1,crimmins_thione
-5.2040806,-1.2800149,-0.051028796,1,crimmins_thione
-5.888096,-4.399104,2.6817505,1,crimmins_thione
-5.898551,-4.368131,2.6532228,1,crimmins_thione
-5.930607,-4.270372,2.5633864,1,crimmins_thione
-4.307998,-2.522134,1.3106999,1,crimmins_thione
-3.7516375,-2.2206845,1.1963936,1,crimmins_thione
-4.900605,-1.6441737,0.32522663,1,crimmins_thione
-5.5857215,-4.7600026,3.0550032,1,crimmins_thione
-5.5961766,-4.729029,3.0264754,1,crimmins_thione
-5.627132,-4.6345296,2.939642,1,crimmins_thione
-3.9191804,-2.4264534,1.4780538,1,crimmins_thione
-3.9627922,-2.2944598,1.3566871,1,crimmins_thione
-6.2753563,-4.3709364,2.601218,2,crimmins_thione
-6.2798996,-4.354685,2.5864549,2,crimmins_thione
3.955212,-1.0436373,-1.0638739,1,evans
4.191921,-1.0624949,-1.2373915,1,evans
1.480101,0.29123798,-2.9947288,0,evans
2.0584714,-0.14578877,-2.1702576,0,evans
5.571046,-1.0776368,0.70240825,2,evans
-2.3054156,0.8227406,2.6964579,2,crimmins_thione
-3.717999,0.25030652,4.6867647,2,crimmins_thione
0.96634394,7.189486,1.7032257,1,oppolzer
0.28885168,-2.1234984,-2.0079389,2,evans
0.18191859,-1.1559747,-3.2372572,2,evans
6.198405,-1.1638432,0.067947626,1,evans
3.3276942,-0.2957646,0.36571446,1,evans
4.968716,5.636976,5.8069673,1,evans
0.86405087,3.3296535,6.7044206,3,evans
0.93800664,-1.1938214,3.0175214,1,evans
0.9370474,-1.1937714,3.0172698,1,evans
1.0138551,2.431341,5.0532465,1,evans
2.0698252,2.556053,7.9751596,2,crimmins_oxathione
-1.380027,-0.8444536,-3.8819802,2,evans
-1.1798108,-2.4872582,-0.0052427137,2,evans
-1.0471826,-1.1044599,-0.4828717,1,evans
-1.0471826,-1.1044599,-0.4828717,1,evans
4.0166388,1.0858651,0.34964868,0,evans
-0.41499314,-0.6175695,-1.4363681,1,evans
-0.87335044,-1.0012945,-3.4381814,1,evans
-4.5278864,0.77983475,-0.9579475,3,crimmins_thione
2.0493042,-0.11908141,-1.9745222,2,evans
3.4170501,-4.191941,-1.8212328,3,evans
0.011658336,-1.700082,1.4006704,2,crimmins_thione
-2.0963087,0.019058181,-1.9410226,3,evans
-2.9525297,0.31519902,-2.4491107,3,evans
-0.96780765,-0.34491986,-1.3095087,3,evans
-4.913383,3.4580474,2.6797132,3,crimmins_oxathione
1.5918632,-2.2336705,-1.8678147,3,evans
3.4908502,-2.9478822,-0.7468941,3,evans
3.3961937,-2.8782437,-0.8219658,3,evans
2.9486046,-2.6121895,-1.0034827,3,evans
3.1494553,-2.76157,-0.9142869,3,evans
0.47872126,-0.27951452,-0.8198147,3,evans
1.2189426,-0.8503175,1.0593889,3,evans
0.3271102,-0.5151026,-0.7164776,3,evans
-0.15032771,-0.33374703,0.21441963,3,evans
1.6658283,-2.5847337,-1.283107,3,evans
-1.5738983,0.19949482,-0.7993877,2,evans
-3.9245713,-0.736099,-2.4425435,0,evans
-2.0054781,-0.015465243,2.0571668,1,evans
0.04599109,2.0778024,-0.5024423,3,evans
-0.244186,-5.461063,6.577443,3,crimmins_oxathione
-3.1063888,-0.51762825,0.7539071,1,crimmins_thione
3.4097066,-0.20434046,-1.863843,1,evans
3.1448011,-0.18991849,-1.7408503,1,evans
3.36778,-0.1829027,-1.9438287,1,evans
4.688717,-1.0469385,-0.60933954,1,evans
-4.594265,2.4207797,-3.3072603,1,myers
-2.2104747,-5.510439,4.606847,2,crimmins_thione
2.7860653,-1.5309181,1.154698,0,evans
-0.62114435,-0.31211013,-1.3474212,3,evans
-0.7816232,9.217218,1.2197917,2,evans
0.038849503,-3.839614,1.9565617,2,evans
-3.0588899,-1.4992106,-2.2997322,1,evans
-0.56963223,4.061282,3.1460047,0,evans
0.9865312,-0.8782159,1.0478402,2,evans
-5.3901596,-4.630112,3.0203516,2,crimmins_thione
4.2847276,-0.89269567,-0.86163247,1,evans
-3.294597,0.8852834,-1.467555,1,evans
2.2415543,0.05434789,-2.7131746,0,evans
2.0544906,-0.015661148,-2.4861984,0,evans
0.049387775,0.22360043,1.2172418,0,evans
-1.6907245,0.03178157,3.9961355,0,evans
-0.747184,0.28287995,2.5044467,3,evans
-1.9622929,0.22025292,-0.796289,2,evans
-1.5471259,4.5318694,6.0399137,0,oppolzer
-1.4351153,4.423273,6.1311345,0,oppolzer
-1.3953161,3.157382,5.6304913,0,oppolzer
-1.0534233,-5.497644,5.3331385,1,crimmins_thione
-2.497665,-2.507573,-0.0963054,1,evans
-1.0255789,-1.162006,-3.5622761,3,evans
0.3978449,-1.7014848,-2.6907618,3,evans
2.113294,0.11721624,-2.397552,0,evans
0.2989772,-1.6949797,-2.7377007,3,evans
0.850996,-1.881762,-2.4137616,3,evans
-0.12599353,-1.5907134,-3.0037367,3,evans
-0.9067409,-1.2451752,-3.4511762,3,evans
0.36420745,-1.6558824,-2.546969,2,evans
1.2241373,-0.13185182,-1.5012165,2,evans
6.5722075,-1.4530238,-0.012539053,0,evans
2.8486068,-2.9612772,-0.105988815,2,evans
3.0286078,1.2256222,0.9262726,1,evans
4.0619516,-3.3655279,-0.37956452,3,evans
3.0418262,-3.2711215,-0.4320711,3,evans
5.018242,-1.1023823,-0.8994632,0,evans
2.8572896,-3.1350155,-0.56814015,3,evans
1.2575618,-2.2040403,-1.1455443,0,evans
3.003273,-2.0618649,2.0277913,1,evans
1.9882067,-1.0436112,0.83710676,0,evans
-2.852348,-1.8621454,0.7268808,3,evans
-1.2150295,-1.4469064,0.8160008,3,evans
1.280797,-0.78307074,0.12559143,3,evans
3.166945,-7.0436025,8.929975,2,crimmins_thione
-3.4827936,-5.174425,3.6911778,3,crimmins_thione
-4.5035625,-4.6909027,3.069207,3,crimmins_thione
-2.6755006,-2.2053552,-1.097543,3,evans
-5.386582,-4.6040487,3.4905405,3,crimmins_thione
0.341995,0.23676854,0.057065375,2,evans
0.78069246,-3.3938158,-3.3076031,1,evans
2.8447437,0.7729035,10.769881,1,evans
0.948178,-1.7410841,-2.4398944,2,evans
0.8985438,-0.80017745,-1.8213631,2,evans
2.968996,-2.7863226,-0.16854939,2,evans
1.1444283,0.61822903,0.53066915,0,evans
-0.032280747,2.0012748,-2.1441379,0,evans
1.0809047,1.0201886,0.2450861,0,evans
2.4005926,0.94528615,-1.5086285,0,evans
4.544213,1.9273568,-0.7643237,1,evans
-0.80449474,2.18355,-3.0915174,0,evans
0.62708235,0.94649976,-1.3468206,0,evans
0.48972484,1.8471181,-2.6377873,0,evans
4.1181345,-3.3809648,0.4070305,2,evans
-5.277269,-3.5139852,2.8968937,2,crimmins_oxathione
-5.9032063,-3.3955436,2.7091005,2,crimmins_oxathione
0.9386745,-1.5421915,-2.5919611,2,evans
0.92511326,-2.401601,-1.6085955,2,evans
3.6471152,-3.2611678,0.23733032,2,evans
3.7989166,-2.3889184,-1.0959429,2,evans
5.258183,-0.26039636,1.5825468,2,evans
2.045689,-2.9121485,-0.5930266,2,evans
-5.401645,2.4716077,-3.9312158,1,myers
-5.448291,2.618172,-4.0655923,1,myers
-6.1508594,-4.4896307,2.486522,0,crimmins_thione
-6.1518188,-4.4895806,2.4862704,0,crimmins_thione
-5.1366115,-2.095197,0.7808363,2,crimmins_thione
-6.4253397,-4.3004622,2.4951105,1,crimmins_thione
-6.426299,-4.300412,2.494859,1,crimmins_thione
-5.199104,-4.6578,3.2163515,1,crimmins_thione
-5.2084584,-4.6300874,3.1908267,1,crimmins_thione
-5.2388635,-4.537218,3.1054947,1,crimmins_thione
-5.0027256,-2.1151855,0.8406501,2,crimmins_thione
1.5255662,0.51088357,-0.5985909,0,evans
-4.408018,-1.3087758,1.2865356,3,crimmins_oxathione
-6.085106,-3.9449847,2.8515031,0,crimmins_oxathione
-5.532597,-3.6321235,2.7266867,0,crimmins_oxathione
-6.1643596,-3.7350647,2.9879239,1,crimmins_oxathione
-5.6140513,-3.4156835,2.8571017,1,crimmins_oxathione
-5.8345895,-3.815385,3.0109482,1,crimmins_oxathione
-5.2842813,-3.4960032,2.880126,1,crimmins_oxathione
-6.3601365,-3.7541862,2.8585904,1,crimmins_oxathione
-6.3799458,-3.6955,2.8045375,1,crimmins_oxathione
-6.2240505,-3.7806957,2.9244099,1,crimmins_oxathione
-5.6720915,-3.466205,2.7980921,1,crimmins_oxathione
3.999416,0.44503677,-0.5217755,3,evans
2.44957,-2.7930884,-0.42431414,2,evans
-1.0147177,4.982637,2.4492748,2,oppolzer
1.1354805,-2.543441,-1.1841276,2,evans
4.302989,0.44437462,-0.402403,0,evans
0.2156287,4.813915,6.300601,2,evans
-0.8162187,3.32778,8.885899,2,evans
-5.319771,-4.1303077,2.5977252,2,crimmins_thione
-5.8869953,-4.4023647,2.6847537,2,crimmins_thione
-4.5266805,0.3721929,4.337106,2,crimmins_thione
3.2009056,-3.2646015,-0.8286343,3,evans
5.4998913,-1.2114786,-0.31690297,1,evans
5.5401487,-1.1813186,-0.26284406,1,evans
-0.24744056,6.479704,6.1303344,1,evans
-0.9829002,-3.6441336,1.2983257,2,evans
1.7839652,-2.8490899,-1.1236414,2,evans
-0.7202285,1.2157264,3.269982,0,crimmins_oxathione
-5.9012604,-4.570994,3.947566,2,crimmins_thione
3.3200874,-0.013801163,1.0682485,1,evans
6.2698436,-1.7718627,-0.00950786,0,evans
-1.6884763,0.07549268,-1.6781719,3,evans
-2.5688922,-0.8533189,1.1729401,3,evans
-4.058459,3.846334,5.2718277,0,evans
-5.33481,-0.5503049,0.16862701,3,crimmins_oxathione
0.54293746,-3.0265255,2.6876352,2,evans
0.46709087,-4.1886744,2.1543345,2,evans
-4.7176714,-3.6913536,3.359407,1,crimmins_oxathione
0.13873914,3.273568,0.69021463,1,evans
4.055503,-2.5644639,2.887287,1,evans
4.087635,-2.5290744,2.9351435,1,evans
2.9094954,-3.689975,4.2127013,2,evans
-2.4839947,-1.1090126,-1.7704535,1,evans
3.966356,-3.2706203,0.19340125,2,evans
6.126208,-1.2347268,-0.1409243,1,evans
3.6563473,-3.2654858,0.07981349,2,evans
2.9122865,-2.959925,-0.37907943,2,evans
3.106607,-3.0206034,-0.26656586,2,evans
2.732904,1.0424979,5.204711,3,evans
2.1751587,3.0667613,-0.8989397,1,other_auxiliary
-1.9233804,-0.76735693,-1.6344148,2,evans
1.772944,-2.2731023,-0.8003734,2,evans
-1.1590302,-0.44161767,0.20905983,1,evans
0.1743026,1.2599401,1.1909077,2,evans
-3.6185782,5.2419953,5.349265,3,evans
-3.4945185,5.4969406,6.199633,3,evans
1.4255185,-1.0367314,-0.122030765,3,evans
2.254494,-0.15113638,-2.59878,0,evans
3.322244,-0.5916535,2.860506,0,evans
3.7218754,-0.685117,3.114181,0,evans
-2.0954773,7.6936293,7.98766,1,evans
-2.6474707,-1.927792,0.83445734,3,evans
-3.0452824,-1.7834314,0.6505144,3,evans
-3.1278257,-1.7770754,0.59331656,3,evans
-0.63554716,3.7321322,6.36468,2,oppolzer
-5.1747713,-4.4166045,2.6387908,3,crimmins_thione
-6.147298,-4.243023,3.1389515,3,crimmins_thione
-5.6532483,-4.414134,3.4291823,3,crimmins_thione
-4.2102523,-4.6737785,4.4499626,2,crimmins_thione
-5.703042,-3.8998616,2.435811,1,crimmins_thione
4.2335424,2.430124,6.194039,0,evans
2.3751993,-3.0464098,-0.7126607,2,evans
0.6864035,-2.0183284,-0.053920977,2,evans
1.5744479,0.6045647,-0.74828064,0,evans
1.533231,0.574455,-0.8025909,0,evans
1.4827123,-1.9198309,-2.1590848,2,evans
0.97622275,-1.1822042,-3.081487,2,evans
1.4375205,-1.7845521,-2.2835805,2,evans
-0.630763,-1.716636,-1.2578337,2,evans
-0.8867978,-1.6466576,-1.1273104,2,evans
0.15927668,-1.8902586,-2.1425061,2,evans
1.8120105,7.206586,3.031386,1,oppolzer
1.1955895,8.262786,2.459652,1,oppolzer
-6.227217,2.9152498,-4.0930367,1,myers
-5.4786973,2.6750066,-3.788789,1,myers
-2.98446,-2.6574886,-0.2217272,3,evans
-3.165524,-2.654812,-0.13087477,2,evans
2.1202078,-1.6572242,2.5557034,1,crimmins_oxathione
-6.40704,-4.357467,2.5474102,1,crimmins_thione
-6.426299,-4.300412,2.494859,1,crimmins_thione
-3.554985,-2.6201231,-0.21741317,1,evans
-4.996532,-2.1363273,0.85991764,1,crimmins_thione
-6.2698536,-4.387237,2.6162326,1,crimmins_thione
-6.2913136,-4.323661,2.5576756,1,crimmins_thione
-4.4377513,-1.3391633,1.4257993,2,crimmins_oxathione
-1.4003822,0.2148885,-0.42488787,2,evans
0.68807894,1.0484678,-3.1269941,3,evans
-4.905232,-3.1181543,-2.4468448,2,evans
-4.8285537,-3.0576334,-2.3397336,2,evans
0.21043755,-0.22817135,-0.2976893,1,evans
0.20055959,-0.19033699,-0.3222576,1,evans
-1.3228537,0.08371412,-0.7631094,2,evans
2.0689468,-1.6765312,0.017615195,3,evans
-4.0813136,6.3645864,2.4896014,2,oppolzer
-4.0813136,6.3645864,2.4896014,3,oppolzer
-2.2418432,-0.19908461,2.6129994,2,evans
-1.8122705,0.84772927,1.721798,2,crimmins_thione
3.7637339,-3.4526238,0.10279726,2,evans
1.3042487,-2.1851027,-2.2039595,2,evans
-1.129357,-2.3291862,-1.1679273,1,evans
-1.129357,-2.3291862,-1.1679273,1,evans
-1.0972329,-0.18912774,1.6526043,2,crimmins_oxathione
5.62062,-1.1442032,-0.18225624,1,evans
7.1384835,-1.7375885,0.9792295,1,evans
3.5740104,-1.8880529,1.8385285,0,evans
4.7637696,-1.2918288,-0.68388486,0,evans
5.8641005,-1.2072203,2.0027914,1,evans
-0.118008055,-0.46485847,0.15530676,3,evans
-2.7214105,0.09840602,0.3878181,1,evans
-2.0333319,-2.384245,-0.70142937,3,evans
-0.20140038,-0.6553322,-1.3398362,1,evans
7.614413,-1.8085816,0.9767971,1,evans
5.3310695,-0.97111064,-0.62696993,1,evans
-0.010433199,-5.8426213,6.13244,1,crimmins_thione
-0.01067281,-5.842609,6.132377,1,crimmins_thione
4.4915237,-0.77069527,-0.94886136,1,evans
-0.080438204,-0.86341065,-0.12767333,3,evans
3.8546932,-0.42306277,0.62881184,0,evans
-1.0831295,-0.8810915,-0.16307092,1,evans
-5.3829627,-4.1781335,2.6855583,2,crimmins_thione
-2.749745,-5.3272057,4.2843914,3,crimmins_thione
-1.5248641,9.743661,1.1312131,3,evans
-0.14188598,9.086658,1.558202,2,evans
5.5335417,-1.2025636,-0.39555573,1,evans
2.9858508,-2.1494048,3.2442186,1,crimmins_oxathione
1.3635824,0.09769678,-2.7329004,0,evans
-0.22654551,-2.192241,-2.0962486,3,evans
3.4015074,-1.625736,1.0355626,2,evans
1.6319327,-0.6146172,1.7689407,2,crimmins_oxathione
-1.8217123,-2.1778965,1.3063779,3,evans
-2.2476523,-1.9124689,2.1030693,3,evans
-4.4284754,-4.579009,4.337968,2,crimmins_thione
-1.3794912,-0.23734635,-2.1844342,2,evans
-0.074714854,3.0658135,-0.8616369,3,other_auxiliary
-0.68142104,1.6573366,-1.4696953,2,evans
2.3877425,0.22694482,0.14709201,1,evans
0.9552701,1.2861578,0.6605282,1,evans
2.7033827,-0.2475458,-1.780263,1,evans
5.185466,-0.7377875,1.6575173,1,evans
-2.8888812,2.7582088,2.5937383,3,evans
-5.7226562,-3.244976,2.6048691,2,crimmins_oxathione
-5.761009,-2.9147937,2.385602,2,crimmins_oxathione
4.1257267,-2.558032,-0.84398746,2,evans
3.8043516,-0.8403792,-1.4442586,1,evans
-0.21299417,2.9177988,9.345086,2,evans
2.7317522,-3.22684,-0.5461345,2,evans
-5.697713,-1.3133659,-0.11630183,1,crimmins_thione
-4.453519,-1.7925433,0.70682484,1,crimmins_thione
2.4268837,-0.40534973,-2.070537,1,evans
2.7538238,-3.270298,-0.4954114,1,evans
-5.0382013,-3.7528605,3.2870138,1,crimmins_oxathione
-1.9703895,1.093145,1.2111171,3,crimmins_oxathione
-6.140814,-4.5221834,2.5162997,0,crimmins_thione
-6.1518188,-4.4895806,2.4862704,0,crimmins_thione
-3.499146,-2.563081,-0.16440943,2,evans
3.3665094,0.5533936,-0.6396816,1,evans
3.403499,0.7328913,-0.6420513,1,evans
-5.137571,-2.0951467,0.78058475,1,crimmins_thione
-5.149126,-2.060913,0.749054,1,crimmins_thione
-4.5991426,-3.7432885,3.4042168,1,crimmins_oxathione
-1.9962715,1.0513464,1.360891,2,crimmins_oxathione
0.7190676,0.45057458,0.9972076,2,evans
1.0581983,0.39664522,1.2282566,2,evans
-4.9802566,-3.8617926,3.2578828,1,crimmins_oxathione
4.1934133,-0.9603188,-1.098099,1,evans
2.5765762,-2.7953253,-1.3793535,2,evans
-1.2663221,3.9709175,5.169239,2,evans
-1.2119718,3.1405647,8.596114,3,evans
2.284985,-2.533184,-1.4408154,3,evans
2.3360324,-2.495315,-1.3727729,3,evans
5.2337627,-1.2110006,-0.6860232,1,evans
5.196989,-1.2333363,-0.74595433,1,evans
-3.644411,-1.871233,-0.5583067,1,evans
-2.544905,-1.0916197,-1.9698988,1,evans
-3.6587884,-1.8272438,-0.59872043,1,evans
-5.1779785,-1.9763803,-1.1357179,2,evans
5.0457764,-4.0911913,0.835549,3,evans
2.1795387,-2.7162135,-1.6926033,0,evans
3.9484186,-1.0558013,-1.2536017,1,evans
-1.5558726,0.8909047,0.8473035,2,crimmins_thione
2.8420143,0.06423803,0.09920492,1,evans
2.2899358,-3.0625322,-0.68966657,2,evans
-0.7353739,-0.5291097,-1.6253144,2,evans
1.9928299,-2.789977,-0.58271503,2,evans
2.170915,-2.9114254,-0.76762205,2,evans
6.452427,-1.462759,-0.12663633,1,evans
5.3796015,-3.6758292,1.3026329,2,evans
4.907942,-1.2414439,-0.83410364,1,evans
-3.6792414,-5.0102153,3.4722738,3,crimmins_thione
-0.7436056,5.942932,5.901478,0,oppolzer
2.6616898,-3.11651,-0.38940102,3,evans
-0.2116374,-2.5064135,2.4438388,2,evans
1.5724576,1.4013512,10.219093,1,evans
-3.467444,-4.9327407,4.8361454,1,crimmins_thione
2.550096,-3.126887,-0.22512892,2,evans
0.39647794,-1.3299524,-1.5114625,3,evans
4.8592863,-1.1608869,-0.8974983,1,evans
4.8592863,-1.1608869,-0.8974983,1,evans
-2.5600538,-4.475367,4.775302,1,crimmins_oxathione
-0.69065243,-5.052214,2.994298,2,crimmins_thione
-0.68969315,-5.0522647,2.9945495,2,crimmins_thione
2.4874597,-2.001478,1.7788444,0,evans
5.256092,-2.79456,3.5805385,1,evans
4.540382,-0.712132,1.5037645,1,evans
3.3688965,-3.117093,-0.54608595,2,evans
2.5246587,-3.0492802,-0.64146197,2,evans
1.5075258,-1.5905894,2.392407,1,crimmins_oxathione
1.461544,-1.4536682,2.2663465,1,crimmins_oxathione
4.2209463,-3.4945185,0.550739,2,evans
-0.4206005,4.1307926,8.030709,3,evans
2.6731505,0.88575065,1.173683,0,evans
1.6208149,-3.066019,3.5599363,2,evans
0.7598858,-3.3238058,-0.55487597,1,evans
5.107616,-1.3918419,-0.5462654,1,evans
6.0478253,-3.677888,1.3528726,2,evans
0.012364606,-0.89697456,-1.9410644,2,evans
-0.5450763,-0.7061643,-2.456455,3,evans
4.295551,-3.6251705,0.55330294,2,evans
4.19191,-3.605813,0.3726198,2,evans
2.488263,-3.0730393,-0.75808793,3,evans
4.681848,-0.877773,1.1134697,0,evans
3.5200157,-0.8169086,-1.3460916,1,evans
-1.4273201,-5.5414906,5.838397,1,crimmins_oxathione
-1.466139,-5.5717254,5.784715,1,crimmins_oxathione
2.4123359,-1.3228638,2.4168663,2,crimmins_oxathione
6.354737,-1.5512664,0.27262282,1,evans
6.0087104,0.124029174,3.2019176,2,evans
3.387151,-3.4289799,-0.15721633,2,evans
3.4254901,-3.3987193,-0.10366059,2,evans
1.2613488,-2.4665506,-1.3962408,2,evans
0.97798365,-2.2974586,-1.355672,2,evans
4.1979756,-0.8060153,-1.1358163,1,evans
3.6554983,-3.50534,0.2534173,2,evans
-1.9299923,6.0157175,0.63938636,3,oppolzer
4.130435,-3.935388,0.57938445,2,evans
4.088668,-3.9638677,0.5235725,2,evans
-3.301912,-2.375992,0.39546397,3,crimmins_oxathione
-0.930381,-0.64852613,3.2342317,2,evans
1.0604683,-2.0110896,3.2834473,1,crimmins_thione
1.7763585,-1.0600028,1.516383,3,evans
2.1684484,-3.9109058,2.362926,3,evans
-3.589079,2.9778614,2.7646196,3,evans
-1.019372,2.5726705,4.8358994,0,evans
-1.8635408,0.95117086,3.2087698,3,evans
1.2204114,0.036398564,-1.4623821,2,evans
2.2201838,-2.7324054,-0.91307855,2,evans
1.1230822,4.020937,-0.75546324,0,other_auxiliary
2.4632316,2.101963,0.6861862,3,other_auxiliary
2.6154606,-2.8249195,-0.3472194,2,evans
2.332053,-2.6468532,-1.510997,2,evans
2.624457,-2.0281174,-1.9679272,2,evans
5.6576686,-1.2792271,-0.37863305,1,evans
-0.24798378,4.296111,-2.0832999,1,other_auxiliary
3.9929705,-0.53637457,0.8618968,1,evans
0.4534643,0.78597164,1.9908506,3,evans
1.0201275,-0.76911587,0.59841764,2,evans
-4.554376,-4.310318,3.1062703,2,crimmins_thione
-3.014592,2.8231344,0.6373601,3,evans
-4.919452,-2.8223224,-2.7490845,1,evans
1.7504848,4.363139,-0.89250636,0,other_auxiliary
2.9743018,5.5826154,0.4696173,1,oppolzer
-2.4059017,-4.771484,4.6194596,0,crimmins_oxathione
0.64832085,0.42664877,6.986743,3,evans
-0.21753253,0.512334,0.29328138,2,evans
4.6544275,-0.6353322,1.1982348,1,evans
4.8154387,-0.895487,0.01858808,2,evans
2.6666665,-3.0822797,-0.65861005,2,evans
1.416214,-2.230807,-1.7874212,2,evans
1.5705938,-1.1889077,-0.41054556,2,evans
-0.30125824,6.5906796,5.3822994,0,oppolzer
-2.844883,-4.948979,4.9338694,1,crimmins_oxathione
-2.4640684,-4.6456237,4.7680626,1,crimmins_oxathione
1.0302976,-0.50076514,-1.2117423,2,evans
0.09671888,-3.2887132,1.3661579,3,evans
3.4917336,-3.2243605,-0.09433713,2,evans
-0.46742132,-0.5144945,-1.2818329,0,evans
-2.4329312,0.21865676,-0.4561292,3,evans
-3.3331566,-0.65146893,2.3409295,3,evans
-4.8831925,3.6802194,0.07620219,2,evans
0.440833,-3.443803,1.8093708,2,evans
0.5926731,5.6581116,5.343344,1,oppolzer
4.879331,-1.2404729,-0.84339637,1,evans
-0.6694516,-0.36257106,-2.4431543,1,evans
-0.345734,-0.4249596,-2.436646,1,evans
-2.8597946,-0.43551314,-1.1647247,1,evans
-3.2266634,-4.749211,4.755993,2,crimmins_oxathione
-3.3043013,-4.809682,4.6486297,2,crimmins_oxathione
-3.2954972,-4.835764,4.6726527,1,crimmins_oxathione
2.8999875,5.1901913,2.7899542,0,oppolzer
2.9376373,6.0396624,3.287135,0,oppolzer
-4.482812,-4.6540513,2.4057548,3,crimmins_thione
0.68257827,0.4782094,-3.2042994,1,evans
0.75006837,0.5681425,-3.1168506,1,evans
2.7148302,-2.9479113,-0.62223065,2,evans
-3.4820485,-1.203821,-2.534873,1,evans
0.42023757,-1.616982,3.1748586,2,crimmins_thione
0.5286443,-6.459975,6.734004,0,crimmins_thione
-2.2881446,0.20740247,-0.76300573,0,crimmins_thione
-1.9299923,6.0157175,0.63938636,3,oppolzer
7.038174,-1.787826,0.7108115,1,evans
-5.887664,-3.8989403,2.9454205,3,crimmins_oxathione
-2.297943,-5.3809533,4.2697,1,crimmins_thione
-1.6659818,-5.610444,4.911242,1,crimmins_thione
-1.252889,-2.3101835,2.30674,0,crimmins_thione
0.30296642,-0.51019806,-0.12151398,1,evans
1.0229514,-0.84037584,0.33122164,1,evans
-4.548961,-1.6517942,-8.030738,1,other_auxiliary
0.9076068,-2.3563383,-1.3310198,2,evans
1.0097249,-1.4849313,-2.7452521,2,evans
0.83914477,-2.3001497,-1.4644047,2,evans
2.454538,-2.9029486,-0.8012462,2,evans
1.5963647,-2.4076138,-0.7828978,2,evans
1.7056112,-2.033571,-1.8722595,2,evans
-0.5004307,-0.98197794,-2.700238,2,evans
1.9883379,-2.8495548,-0.98322767,2,evans
-0.44674534,-1.567047,-3.061743,2,evans
-1.8746036,-0.52569103,-2.5321681,2,evans
-2.7554562,0.43469813,-5.0988464,2,evans
0.988386,1.1275218,-2.1723392,1,evans
5.4422865,-1.441935,-0.41496748,1,evans
7.578588,-1.4636167,2.9409146,1,evans
0.6708649,3.5874016,1.0224992,0,evans
0.75160456,7.374631,0.17307596,0,oppolzer
-2.8897183,-4.355758,4.3362427,1,crimmins_oxathione
0.67253876,-2.2673256,-2.2516437,3,evans
-1.1305023,7.8730526,0.5131899,1,oppolzer
3.4473102,-0.5366974,-1.470561,1,evans
-1.4862105,0.16955082,-0.8971367,3,evans
-1.4994874,0.21027996,-0.9345476,3,evans
7.1155534,-1.3666278,2.059104,1,evans
-1.1315403,0.8340229,-2.8347619,2,evans
2.3906844,6.094554,9.590155,1,oppolzer
1.7774824,-2.3044302,-1.1032573,3,evans
3.936783,-0.26690653,-1.4390845,0,evans
-0.1275296,0.073405854,-0.08958492,3,evans
0.26798436,-2.045375,-2.2246413,0,evans
-0.8234315,0.6261671,-0.68303037,2,evans
-2.8276358,-5.332746,4.5150075,2,crimmins_thione
-2.3574271,5.8031554,-0.33753544,0,oppolzer
-3.1463315,4.072002,7.3304925,3,evans
-3.0722663,-1.2117001,-2.4198692,1,evans
-2.4657593,5.977413,-0.41620898,0,oppolzer
-0.5415115,5.1190763,0.73915994,0,oppolzer
1.4238212,5.682635,2.5396042,3,oppolzer
1.0804625,5.796869,2.4447002,3,oppolzer
1.6540893,5.6679244,2.712809,3,oppolzer
0.6812417,0.80966514,-1.0615742,2,evans
-1.3564643,-0.055810217,-0.2904391,2,evans
-0.295806,-1.9986169,-2.4101145,2,evans
-2.3139699,-1.5202016,0.118159816,3,evans
-3.8679583,3.3789709,0.37336755,2,evans
0.13739909,-2.022607,-2.1201959,2,evans
2.2966995,0.014916537,-2.4560223,1,evans
-1.9702492,-5.2087197,4.765965,1,crimmins_thione
-2.0107284,-5.0881,4.6549196,1,crimmins_thione
0.8819611,4.635127,6.9505415,0,crimmins_oxathione
-4.562271,5.094425,13.712857,3,crimmins_oxathione
5.6520777,-1.3902361,-0.4198774,1,evans
2.2811565,-2.47207,-0.9196154,2,evans
-1.3860562,-0.21687776,-2.6603167,2,evans
-2.9427652,1.0184476,-3.6612015,2,evans
-2.5957842,-0.49887758,-1.597052,1,evans
2.2179856,-3.018602,-0.5177516,2,evans
-0.24091429,-5.0765157,7.6809983,1,crimmins_thione
4.611527,-0.94498515,-0.7584997,1,evans
3.6835926,-3.0818458,-0.57242334,3,evans
4.54238,-1.1139481,-1.0231093,1,evans
2.142031,-0.092494234,-2.6350846,0,evans
-2.1672719,0.55614626,-1.7197766,1,evans
4.9940424,-0.71391267,1.4501103,0,evans
-1.5745044,3.3495793,-1.9960889,3,other_auxiliary
-0.93711567,3.9476616,3.4263036,2,oppolzer
0.30008578,-2.1233711,-2.1748571,3,evans
1.871102,-4.0187793,2.7593484,2,evans
-3.418473,-4.8861403,4.775134,2,crimmins_oxathione
5.4405665,-1.0420283,2.1286244,1,evans
3.284224,-3.38025,0.27595273,2,evans
-5.3632917,0.2426932,2.6977997,2,evans
4.138114,-0.607729,-0.034905694,0,evans
-0.7844963,-1.8516648,-2.6142423,2,evans
4.5078506,-3.8866522,0.5966831,0,evans
-5.5741663,-4.794236,3.086534,2,crimmins_thione
-0.4918456,-2.2191195,-0.58795947,2,evans
0.074035294,-2.2819202,-0.51192296,1,evans
4.4496326,-0.8803395,-1.1095077,0,evans
-2.9772062,3.078308,1.749169,3,evans
2.8873672,0.4128438,-1.0713125,0,evans
-1.829016,-0.507293,0.15338802,0,crimmins_oxathione
-3.1008098,-1.7691897,-1.314667,3,evans
1.5157248,1.5359873,-0.0665089,1,evans
3.122786,0.7697668,0.94665694,1,evans
3.6533237,0.64734226,1.2247636,1,evans
3.2361097,-3.0711892,0.41535106,2,evans
-2.9011552,-4.89971,4.3747387,1,crimmins_thione
-0.71711576,-5.6416597,5.760325,2,crimmins_thione
1.7212774,-0.3543401,2.8112636,0,evans
-0.96381706,5.3482227,-2.483329,0,other_auxiliary
1.3164996,4.603366,-1.3177882,0,other_auxiliary
-0.88511336,5.139932,-2.6212513,1,other_auxiliary
-0.9932236,5.331349,-2.6846054,1,other_auxiliary
1.5577753,4.2652893,-1.0178348,0,other_auxiliary
3.1070735,3.8518386,-0.43113807,1,other_auxiliary
0.51867837,-1.8529136,-1.6793582,0,evans
-1.9950205,-1.4547073,3.3909044,0,crimmins_thione
0.21503973,-2.2004223,-1.8899912,3,evans
-2.1996922,-0.6136708,-1.5343535,2,evans
-2.5147386,2.478258,0.14059521,2,oppolzer
0.3349224,1.6208072,4.74725,2,evans
-0.37693617,1.9738108,9.173276,1,evans
-2.919106,5.4105988,0.9223577,0,oppolzer
-2.8745716,4.94321,4.219119,0,evans
4.184054,-3.6158507,0.5924931,2,evans
2.0927634,-1.8999491,1.2103703,2,evans
-0.541723,3.654966,2.9792876,0,oppolzer
-3.4476542,5.629895,0.7861574,0,oppolzer
3.0483773,-0.40776083,-1.6663504,1,evans
4.580358,-1.1464995,-0.6199147,1,evans
8.243197,-1.8050343,1.0984404,1,evans
4.189664,-0.86348104,-1.1746067,1,evans
0.096306175,1.391984,-0.9920233,2,evans
-0.2028862,4.2717633,7.7548895,3,evans
2.0554404,-0.021543149,-2.5813587,1,evans
2.6229508,1.9734371,11.135695,2,evans
-0.064179994,5.5942173,1.9438303,3,evans
-4.4243274,0.8788876,-6.3312387,0,other_auxiliary
-4.348598,0.36381733,-6.656018,0,other_auxiliary
-1.5821332,10.163221,-0.2590013,0,other_auxiliary
-1.6427476,6.7963457,-0.98422915,3,other_auxiliary
-2.2871141,0.582348,-5.701399,0,evans
-2.2871141,0.582348,-5.701399,0,evans
-2.2871141,0.582348,-5.701399,0,evans
-2.3016229,0.6969269,-5.6395464,0,evans
-2.3016229,0.6969269,-5.6395464,0,evans
-2.2860856,0.590436,-5.7095966,0,evans
-2.2745237,0.4737386,-5.775332,0,evans
-2.285513,0.6182875,-5.742285,0,evans
-2.3690188,1.1800247,-5.3289723,0,evans
-2.3687682,1.2058114,-5.4003077,0,evans
-4.3543305,0.3026152,-6.5845456,0,other_auxiliary
-4.355013,0.346283,-6.5745134,0,other_auxiliary
-4.355013,0.346283,-6.5745134,0,other_auxiliary
-4.327334,0.11675502,-6.7113776,0,other_auxiliary
-4.3007884,0.0023840875,-6.8590164,0,other_auxiliary
-4.3963785,0.6520767,-6.3883266,0,other_auxiliary
-2.0943909,0.39959624,-5.6514444,0,evans
-2.048557,0.40614074,-5.6602607,0,evans
-2.1282113,0.45247066,-5.693053,0,evans
-4.3228273,0.11152433,-6.713556,0,other_auxiliary
-4.7121615,0.26256964,-6.9355073,0,other_auxiliary
-4.6301546,0.22516088,-6.8818216,0,other_auxiliary
-4.341626,0.11815871,-6.7288165,0,other_auxiliary
-4.1015306,0.05093949,-6.596003,0,other_auxiliary
-2.9518569,-0.4818534,-5.8432217,0,other_auxiliary
-4.181185,0.097269416,-6.6287947,0,other_auxiliary
-3.3973284,-0.14866313,-6.1575136,0,other_auxiliary
-3.62949,-0.16423674,-6.3157735,3,other_auxiliary
-4.769871,0.32689235,-6.982771,0,other_auxiliary
-2.6672935,-0.6395386,-5.6421075,0,other_auxiliary
3.153297,-0.1984378,0.26513445,1,evans
3.0423748,0.7761672,-0.9665129,1,evans
3.7620583,-3.022479,-0.6379789,2,evans
5.1239333,-3.4345744,0.25110167,2,evans
0.60542274,-1.2845558,-3.3514466,3,evans
2.4568925,0.5548017,-3.0585008,0,evans
2.5604804,0.096174076,-1.0394503,2,evans
3.0286272,0.7347053,-2.2396164,2,evans
-4.238261,-3.9185908,3.802344,2,crimmins_oxathione
-2.5687075,-4.5707374,4.970023,2,crimmins_oxathione
0.4879779,1.505532,-3.329097,0,evans
-0.67987466,1.776694,-1.6989127,0,evans
-0.85892504,-0.53444374,-1.8394654,2,evans
-0.32503667,4.499511,-1.9408734,0,other_auxiliary
-1.1108385,3.4549594,-1.9983889,0,other_auxiliary
0.0008818179,4.4306016,-1.9283594,0,other_auxiliary
-0.5483505,4.509422,-2.1002972,0,other_auxiliary
0.18799876,4.4099936,-2.0026958,1,other_auxiliary
0.56749326,4.2352514,-1.4490782,0,other_auxiliary
-0.35829523,4.494048,-2.1526601,1,other_auxiliary
-1.3597043,3.3204691,-2.1533296,1,other_auxiliary
1.9547304,3.7562845,-0.77683455,0,other_auxiliary
2.1943552,3.4230976,-0.48138577,0,other_auxiliary
3.7414515,3.0161679,0.09930547,1,other_auxiliary
-0.3975032,2.22554,-0.79061353,2,evans
0.3201757,0.75475013,-2.450754,1,evans
0.03874341,2.4413207,-1.0845181,2,evans
-0.1046279,3.3948271,-0.31488675,2,evans
5.7258396,-1.1844548,0.90706795,2,evans
5.894056,-1.1716095,0.6163694,2,evans
0.48006627,3.8403947,3.778898,0,evans
0.6640944,3.7103987,3.925246,0,evans
3.314358,6.137327,2.0866117,3,oppolzer
0.19872019,1.415721,4.5715365,0,evans
7.379398,-1.6288445,0.57488245,1,evans
0.52191675,1.1073457,-3.226284,3,evans
2.7853832,1.9435833,0.86527824,1,evans
0.80880064,3.2200751,6.4551706,2,evans
1.0397038,-1.9321058,-1.0833849,3,evans
-0.49076593,-1.4366338,-3.1818604,0,evans
-2.6027312,-1.5167823,-2.0461485,1,evans
-3.9703426,-4.5995607,4.273549,2,crimmins_oxathione
1.7774824,-2.3044302,-1.1032573,1,evans
3.936783,-0.26690653,-1.4390845,0,evans
0.94265336,1.2056868,-2.2685318,0,evans
4.398198,-0.6743274,-1.0630542,0,evans
-2.9101272,-4.3631516,4.4934154,1,crimmins_oxathione
6.8999143,-3.499782,2.740049,2,evans
-2.834796,5.6572804,1.3138738,3,evans
-0.46957335,4.2758775,7.897079,3,evans
5.009454,-0.93632,-1.6064823,3,evans
5.0031104,-3.5633745,0.015927792,3,evans
-2.9773579,-0.06147779,-4.1485596,2,evans
-0.31479472,-0.6522867,-2.4616926,3,evans
-5.9801393,2.5405772,7.2302146,0,evans
2.2538335,-0.047374107,-2.554267,1,evans
-1.2184836,4.6808643,7.4409227,3,evans
-1.2255913,4.475642,7.492094,3,evans
-2.4355745,1.5441552,1.4901373,2,evans
3.978887,-0.053915482,-1.3030984,1,evans
4.072231,-0.6753725,-1.2931838,1,evans
3.3061988,1.8697987,11.469126,1,evans
-3.3877444,4.1381636,7.248176,1,evans
3.677075,-0.36934492,0.109648466,1,evans
0.13392864,2.7935855,4.5093994,1,evans
1.6383828,-2.7507625,-0.7893826,3,evans
-0.022771712,-2.1137161,-2.3142729,3,evans
-1.5189964,1.5482274,4.5823193,2,evans
-2.7530904,-0.8623315,5.928881,2,crimmins_thione
0.02019857,4.278917,-0.65763915,3,other_auxiliary
2.8482485,6.208887,0.36467034,1,oppolzer
-0.15456939,1.4631851,1.0331337,1,evans
-0.6321599,-2.1236403,2.4705787,1,crimmins_thione
-5.9233656,-4.5268583,2.8434072,2,crimmins_thione
1.9683582,-2.6142797,0.27239367,3,evans
-3.3385487,-5.450456,4.3719826,2,crimmins_thione
2.646888,-1.399684,1.4531679,1,evans
3.3714592,3.054533,1.9671669,0,evans
0.99356794,1.6205757,2.8994613,3,evans
4.042845,-0.8356544,-1.2776009,0,evans
-2.258847,5.0322456,3.214181,0,evans
0.025198752,-0.32157004,-0.44457826,0,evans
0.026637489,-0.32164532,-0.44420096,0,evans
4.004098,0.51141393,1.4464054,1,evans
0.23918442,2.7047517,4.712983,1,evans
-1.2593039,3.2288787,5.690973,0,oppolzer
-1.052121,3.0870357,5.847217,0,oppolzer
-5.166971,-4.2757325,2.8446324,1,crimmins_thione
0.67717326,-2.4460073,4.915826,2,crimmins_thione
1.8742512,-1.6608003,5.4207163,1,crimmins_thione
0.33414862,-1.8877926,6.5470815,2,crimmins_thione
-0.5227317,-2.0357723,-2.1250248,3,evans
7.0395584,3.171672,6.0788503,1,oppolzer
2.371589,-0.15474762,-2.2333262,0,evans
-2.6478634,-0.14391385,0.6144419,2,evans
-2.3130789,1.0350419,-3.3265584,2,evans
0.92220074,1.4912181,3.6172223,0,evans
2.0074067,-0.26446503,2.2365859,2,evans
-1.1945604,5.5460153,2.038452,0,oppolzer
-1.2186501,-0.20252346,-0.41238382,3,crimmins_thione
6.9765744,-1.9812019,0.7589113,1,evans
4.9039702,-0.9498282,-0.6714329,1,evans
3.71533,-3.7886496,0.19440484,1,evans
-1.739962,-0.40187442,-1.0398679,1,evans
-2.4219475,0.7807582,-5.88401,0,evans
-2.2748234,0.44907758,-6.264019,0,evans
-4.3400073,0.27971962,-6.6751976,0,other_auxiliary
-4.334037,0.2027212,-6.7235622,0,other_auxiliary
-4.250932,-0.39125955,-7.062625,0,other_auxiliary
-4.355013,0.346283,-6.5745134,0,other_auxiliary
-4.2687454,-0.25026292,-6.9914675,0,other_auxiliary
-0.9387134,0.27689406,-4.7962427,1,evans
-4.3228273,0.11152433,-6.713556,0,other_auxiliary
-4.3228273,0.11152433,-6.713556,1,other_auxiliary
-4.217011,0.088198096,-6.6422734,1,other_auxiliary
-4.147365,0.044395007,-6.587187,1,other_auxiliary
-4.557579,0.20549496,-6.8226204,1,other_auxiliary
-4.2195206,0.078114524,-6.6347513,1,other_auxiliary
-4.268356,0.07128769,-6.6176496,1,other_auxiliary
-4.1312613,0.04697577,-6.5496716,2,other_auxiliary
-4.346601,0.15064652,-6.4985766,3,other_auxiliary
-4.240089,0.0703152,-6.4538846,3,other_auxiliary
-4.6237264,0.25240397,-6.65897,2,other_auxiliary
-2.991687,-0.07830729,-5.7319837,3,other_auxiliary
-4.3415008,0.18950509,-6.514382,3,other_auxiliary
1.0544649,0.6973583,-0.35518086,0,evans
2.3109672,0.56348854,-3.0852618,0,evans
-6.1520724,-3.5300336,2.5541599,3,crimmins_oxathione
-5.58006,-3.488719,2.5948093,3,crimmins_oxathione
-1.3082794,-2.5617135,0.41805968,3,evans
-0.83730847,2.0262525,-0.5095068,3,evans
5.59642,-1.3667259,-0.24554081,1,evans
4.0495014,0.12493698,-2.2223327,1,evans
4.331063,-0.5514274,-1.3810344,1,evans
4.7841654,-0.7796603,-0.5799554,1,evans
-0.80670625,0.26520145,-0.42276272,2,evans
5.4844556,-1.4812055,-0.26344624,0,evans
-4.0746794,3.2871127,0.19147792,3,evans
-2.591433,5.8080726,1.4537997,2,evans
-1.1164038,0.014784755,0.15119237,1,evans
-4.957938,0.838752,4.868141,2,crimmins_oxathione
-2.3376603,-0.49229306,-1.3058705,1,evans
-2.8532407,0.47530672,-4.620498,3,evans
1.8877063,3.832404,0.37491527,3,other_auxiliary
3.881704,0.07191548,0.7351677,2,evans
-0.8867978,-1.6466576,-1.1273104,0,evans
1.2422813,2.406655,-0.5463688,3,other_auxiliary
-1.4274027,0.30043337,1.1817949,1,evans
3.938974,-0.49866277,-1.6005133,1,evans
2.5092006,-2.9112372,-0.7331232,2,evans
-3.682254,-4.876842,3.7004714,3,crimmins_thione
5.2823296,-0.8947143,-0.7497094,0,evans
5.2823296,-0.8947143,-0.7497094,0,evans
9.698912,-2.416634,2.4677646,0,evans
9.698912,-2.416634,2.4677646,0,evans
-1.9271077,-5.7093534,5.50196,2,crimmins_thione
1.4697996,-2.0712435,3.3235705,2,crimmins_thione
4.196317,3.2825918,0.9208073,0,other_auxiliary
1.1562828,-2.8004105,0.08678541,1,evans
2.08696,-3.0585096,0.5082746,1,evans
-4.381381,-4.6684713,3.8861215,3,crimmins_oxathione
-1.413865,4.611518,6.092888,0,oppolzer
-1.2066818,4.469675,6.249131,0,oppolzer
-1.8730985,-0.99013704,1.3340927,2,crimmins_thione
1.0300871,-2.469166,4.7445736,2,crimmins_thione
0.56224406,-2.8208055,5.262983,2,crimmins_thione
4.395299,-0.9931548,-0.88118005,1,evans
0.8537096,0.93946624,0.426264,2,evans
0.540572,-1.6169498,-0.13265994,2,evans
-1.5305746,-5.481629,4.894117,0,crimmins_thione
-1.6908543,0.59383774,2.8250413,0,evans
1.1571249,0.47713712,-1.7642092,0,evans
-1.031295,-5.656975,5.6046004,1,crimmins_thione
-4.3228273,0.11152433,-6.713556,1,other_auxiliary
-4.3228273,0.11152433,-6.713556,1,other_auxiliary
-4.3228273,0.11152433,-6.713556,0,other_auxiliary
2.0617118,0.14459093,-0.56258667,0,evans
2.4053373,1.2340223,-2.1462474,2,evans
2.9871573,0.8897975,-2.1072595,2,evans
-3.8980205,4.6994057,7.000956,2,evans
-3.9746988,4.638885,6.8938446,2,evans
2.6936486,-1.9761757,-1.7831805,2,evans
1.7026544,-1.8163495,-2.3313184,3,evans
0.35036877,4.1070743,-1.7119176,0,other_auxiliary
3.3079019,0.6760976,0.11707049,0,evans
-2.6642437,8.365535,4.0425277,1,oppolzer
-1.7011135,2.4296472,1.1436423,0,evans
-0.7093919,-5.3858223,6.0083303,1,crimmins_oxathione
0.22044906,-2.3999345,4.6650324,1,crimmins_oxathione
0.24602158,-2.4949818,4.7821507,1,crimmins_oxathione
-4.14329,-3.9251616,3.6170974,2,crimmins_oxathione
-0.47784644,-2.0072904,3.9630766,1,crimmins_oxathione
-4.1216655,6.9300647,4.235402,2,evans
1.5964003,-2.6362898,-1.4636222,3,evans
-0.13935782,-0.5026235,-2.4584315,3,evans
-2.375799,1.4763145,-1.0684575,1,oppolzer
7.9639916,-1.647608,3.386751,1,evans
-2.7427256,3.7597516,2.851819,0,evans
0.016449194,5.727963,10.009964,2,other_auxiliary
0.23053584,-1.4325751,2.528487,2,crimmins_thione
-5.8974504,-4.3713913,2.6562257,1,crimmins_thione
-5.5961766,-4.729029,3.0264754,1,crimmins_thione
-1.4996834,-5.9552565,5.679793,1,crimmins_thione
-0.38909397,3.1928222,9.116639,2,evans
1.533208,-2.1167383,3.1204255,0,crimmins_thione
0.93850833,-2.448449,3.181176,0,crimmins_thione
4.008736,-0.65058154,-0.86326754,1,evans
-1.4132249,-1.45476,-2.7942853,1,evans
0.54831827,-2.3016956,5.5979223,2,crimmins_thione
0.2741352,-2.2650394,5.6528287,2,crimmins_thione
3.1634028,2.7703109,5.5403323,3,evans
2.1172838,0.56873435,1.186066,1,evans
2.0408258,1.1676571,1.4191201,1,evans
5.7507925,-0.52625984,-0.0015064711,0,evans
-2.27309,4.95057,3.4187784,0,oppolzer
0.6448467,2.059417,-0.08287935,0,evans
-1.3885418,-0.3567395,1.775953,0,evans
3.5391762,-2.2519,1.3565818,2,evans
1.2285514,0.36424366,-0.7212452,0,evans
1.4276136,0.39479107,-0.9388057,0,evans
1.6460665,0.24028485,-0.5028901,0,evans
1.8244643,0.616347,-2.0563023,0,evans
1.0052696,0.98231107,-2.5449464,0,evans
3.1301978,0.43054858,-1.1366663,0,evans
3.9067206,1.7472374,0.45680353,1,evans
1.3394771,-2.6590896,-1.4595703,3,evans
2.987877,-2.051529,-1.9612145,2,evans
3.3703127,-3.2236176,-0.18282299,2,evans
3.405774,-3.1932063,-0.1300219,2,evans
3.492161,-3.1557515,-0.048193082,2,evans
3.4538217,-3.186012,-0.10174884,2,evans
-0.7872625,-1.8323035,-2.6312537,2,evans
1.2972661,-2.7941935,-1.1392184,2,evans
3.8431926,2.082157,2.3149207,3,evans
6.41811,-0.9913287,2.1904883,1,evans
0.48325762,5.489592,2.1955533,0,oppolzer
1.3743974,-2.1064136,-2.0283573,3,evans
7.058439,-1.7187629,0.24935259,0,evans
0.99539655,-2.4294217,-1.3851851,2,evans
0.995876,-2.429447,-1.3850594,2,evans
-0.47848824,-0.28261542,-1.3966856,3,evans
1.4080544,1.4131507,-1.498355,0,evans
-0.9412654,-1.2633804,-2.7105303,1,evans
-0.18943204,-2.0200245,-2.4675298,3,evans
1.9698678,0.017498877,-2.8033566,0,evans
1.2180349,0.7741433,-3.046358,2,evans
-0.32524717,-0.35209724,-1.2979352,3,evans
1.5612956,1.3436687,-1.3996048,0,evans
2.7862973,-3.0731668,-0.65478003,3,evans
-1.9964969,-4.9622006,5.1462493,2,crimmins_oxathione
1.8767658,-0.80259526,-1.5741185,2,evans
0.09170389,1.799689,2.890975,2,evans
6.2524214,-1.7155447,-0.08343255,0,evans
-0.5237361,2.8044002,-0.68388456,2,evans
0.8417478,3.1362708,-1.2455934,1,evans
3.782193,4.391702,1.8052841,2,oppolzer
1.6680241,-2.5562546,3.6087468,0,crimmins_thione
0.9412551,-0.92798865,0.6646489,1,crimmins_thione
2.5886998,-1.0315274,1.4225914,2,crimmins_thione
3.7716389,-3.0005789,5.529341,1,crimmins_thione
4.995472,-3.3667367,6.428919,1,crimmins_thione
3.8634593,0.10885768,-1.5268626,3,evans
-2.4032304,-0.62418485,0.934972,2,crimmins_thione
0.95917475,-0.3088489,0.19446868,1,evans
-1.0186242,-2.241256,0.20254329,2,evans
-3.5336018,-1.0762162,-2.6542509,1,evans
-0.60248685,-5.5420957,6.1380687,2,crimmins_oxathione
-1.9459406,2.234813,0.9404821,0,evans
-1.6714963,2.097413,1.1500347,0,evans
-2.381855,2.5082116,0.8948013,1,evans
-2.081488,2.2949018,0.9117985,0,evans
-1.3995578,2.0027845,1.2992983,0,evans
-3.1726403,2.055423,2.5695732,1,evans
-2.8290594,0.4621456,-4.664478,3,evans
-5.279774,-4.247811,3.554971,0,crimmins_thione
4.60552,-0.7046127,-1.2043266,1,evans
4.9573665,-0.92254806,-0.7522108,1,evans
-0.10215239,2.058655,5.344898,0,evans
3.9547548,-0.5555823,-1.4229306,1,evans
-2.5959144,-4.972903,4.153609,0,crimmins_thione
1.2153779,-1.889105,-2.2894938,2,evans
-1.3079329,2.5688303,2.1702707,1,evans
-1.8406167,0.82300925,-1.5144249,0,evans
-2.2526028,3.7130737,5.1162415,0,oppolzer
0.8153455,7.470671,-0.13995656,0,oppolzer
3.337123,-3.349978,0.13422813,2,evans
0.6926862,-3.4286156,1.9240025,2,evans
2.6437278,-4.3259234,3.1514602,2,evans
2.848238,-4.3073597,3.2508457,2,evans
0.6625373,-3.4157023,1.9301484,2,evans
-1.415798,2.9097748,4.0908775,0,evans
4.6078067,-0.73916644,-0.9085531,1,evans
1.8410279,0.09437167,-2.7848418,1,evans
-0.31827262,-1.943152,-2.4490147,2,evans
-1.2918527,-1.2530776,1.4145833,0,crimmins_thione
-3.0269406,-3.2334037,3.7371762,2,crimmins_thione
-5.4085293,-4.186113,2.4260094,3,crimmins_thione
-4.941181,-4.395529,2.681639,3,crimmins_thione
-4.491945,-4.563833,2.9770982,3,crimmins_thione
-4.7998986,-4.4704585,2.7649,3,crimmins_thione
-5.4363317,-4.221157,2.3884056,3,crimmins_thione
-4.992526,-4.4124393,2.7062624,3,crimmins_thione
-4.1392846,-4.755157,3.184286,3,crimmins_thione
-5.206467,-4.291382,2.3781822,3,crimmins_thione
-5.4875636,-4.163501,2.3228233,3,crimmins_thione
-3.7158582,-4.562034,3.5919263,2,crimmins_thione
-3.4987352,-4.6535435,3.700918,2,crimmins_thione
-5.1281123,-4.2838135,2.6066868,3,crimmins_thione
-4.2696342,-4.588337,3.1111457,3,crimmins_thione
-5.3479247,-4.254817,2.4510317,3,crimmins_thione
-5.4612365,-4.1990337,2.3784752,3,crimmins_thione
-5.0469975,-4.372203,2.6103563,3,crimmins_thione
-4.610519,-4.536252,2.906869,3,crimmins_thione
4.71435,-0.93495876,-0.84918493,3,evans
-2.1778412,1.2992789,1.0955763,2,crimmins_oxathione
-2.5984044,-5.039837,5.047041,2,crimmins_oxathione
-0.8672308,-5.377307,6.059609,0,crimmins_oxathione
1.993312,-1.9983034,-2.7495174,1,evans
5.045485,-0.7993403,-0.49602818,1,evans
3.9071493,-0.933539,-1.3662114,3,evans
6.7978516,-1.1608675,2.917267,1,evans
-2.4618971,1.201352,-0.74061096,1,evans
2.3588042,2.2649858,-1.9946734,0,evans
1.1383737,-1.5366893,-2.7111447,3,evans
3.4332907,-3.3599966,-0.024697442,3,evans
-2.6741233,-0.8442289,1.7459354,2,crimmins_thione
5.8276176,-0.9802089,-0.1445357,1,evans
0.8954024,-0.30444536,-0.024507534,1,evans
0.869845,-0.48174724,-0.026834473,1,evans
5.0784936,-0.56880015,1.393839,0,evans
-3.6547313,2.6897554,1.3268617,0,evans
-3.4974194,2.6794708,1.450122,0,evans
-3.5290241,2.6186504,1.4006174,0,evans
6.277228,-1.3858117,0.06919997,1,evans
6.1747384,-0.58003116,-1.0883787,1,evans
1.4311904,3.897568,0.14736481,3,other_auxiliary
-2.310556,-0.36526692,0.06689413,1,crimmins_oxathione
0.47583964,-1.1327016,2.438345,0,evans
2.4716668,-2.805004,-0.5471507,3,evans
1.7706058,-2.2096567,3.3996236,2,crimmins_thione
-7.525121,-3.0871606,1.3491809,2,crimmins_thione
-0.16080894,2.0611331,2.8967724,0,evans
-0.47443113,2.160482,2.6979532,0,evans
-3.4304457,1.1667638,2.4407544,0,crimmins_thione
-4.2480807,-1.3407985,1.3021384,2,crimmins_thione
-1.8926091,1.1163278,-2.3270588,2,evans
-2.9109948,-2.328146,-0.5470137,3,evans
1.3622135,2.8869636,5.17194,1,evans
1.5063676,0.32545254,-0.5903499,0,evans
1.1586856,-1.8713235,-2.5409908,3,evans
6.165165,-1.4201,2.2336721,1,evans
5.5350447,-1.0794555,-0.16460307,1,evans
1.767747,6.229478,2.427487,1,oppolzer
-0.9398371,2.6079094,3.5941684,2,evans
0.63422495,-0.57662225,0.23974413,2,evans
1.9563788,-2.6906414,-0.73825884,2,evans
4.9193482,-0.7911181,-0.99204755,1,evans
1.0056335,-4.269357,2.5436497,2,evans
-3.417655,-1.0864221,-2.6294224,1,evans
6.0297084,-3.908504,1.5450469,3,evans
5.4145007,-0.96447986,1.845742,1,evans
4.383522,-2.5015635,1.5360919,2,evans
5.5486383,-2.7259128,2.169001,2,evans
2.4146643,-2.9995978,-0.9692074,1,evans
5.7650247,-1.0779866,-0.39414802,1,evans
3.9568691,1.5486299,1.1561998,1,evans
3.9767144,1.6121255,1.2484075,1,evans
-3.1854315,1.3126651,2.5851848,1,crimmins_thione
0.41055456,1.693446,-2.2627132,1,evans
-4.309828,1.7584863,-1.0557827,1,evans
-5.675541,2.105122,1.5846591,1,evans
4.5983076,-0.26184556,-1.9032139,0,evans
1.9191818,-2.8784463,-0.8874174,3,evans
-2.1926641,-0.059766967,-1.5115677,2,evans
3.831706,1.656427,-1.166779,0,evans
1.3537121,2.8460898,-1.9254081,0,evans
-0.42837027,1.6447434,-1.7908804,0,evans
0.73897165,2.2376392,-2.882728,3,evans
1.7316676,-2.0941164,-2.1107938,0,evans
1.2270668,1.4073628,1.8489938,2,evans
2.5106528,1.9937259,-0.72727376,0,evans
3.4416895,0.23852174,-2.4085577,2,evans
-0.9922342,1.970603,0.43809152,2,evans
-5.198833,1.3969378,-3.5211132,1,evans
-2.830766,-4.8788433,4.8271933,1,crimmins_oxathione
1.0517066,-2.4247801,-1.6997867,3,evans
6.102228,-1.4940327,0.058653776,1,evans
-0.11417833,-0.7544198,2.3687067,2,evans
-0.97842264,-0.50829417,3.104917,2,evans
-0.9798614,-0.5082188,3.1045396,2,evans
0.76064354,-3.862615,2.2002819,2,evans
4.412461,-0.81352985,-0.9854606,1,evans
-0.76504326,0.5457998,-1.808548,0,crimmins_thione
-3.285555,1.4634889,1.8441051,1,evans
-3.339187,1.5140002,2.0322287,1,evans
-3.3327665,0.6184608,1.2656701,1,evans
0.992526,-0.1808108,-1.6058538,2,evans
-2.5486803,4.0434375,2.557276,0,evans
3.7707646,-2.9745815,-0.29682273,3,evans
9.067491,-1.1841847,3.3643456,1,evans
2.4448001,-2.219733,-1.8408866,2,evans
0.053263452,3.002388,9.146084,2,evans
-0.95198387,1.7447805,-0.63725924,0,evans
-1.832837,2.70517,-3.203937,0,evans
0.5769695,4.2637467,-3.1031144,3,evans
0.5769695,4.2637467,-3.1031144,3,evans
-1.0689346,-0.7949704,-3.6112545,2,evans
1.3924466,4.202886,-2.4688926,2,evans
1.3924466,4.202886,-2.4688926,2,evans
-2.0044992,4.2084017,2.9117384,1,crimmins_oxathione
-2.2694166,6.308786,-0.9561093,1,crimmins_oxathione
0.82583493,4.3982368,-2.9481738,2,evans
0.82583493,4.3982368,-2.9481738,2,evans
-2.5711105,4.4037523,2.432457,1,crimmins_oxathione
-2.8360271,6.504137,-1.4353905,1,crimmins_oxathione
-2.955619,4.42377,2.359432,1,crimmins_oxathione
-3.2205358,6.524155,-1.5084158,1,crimmins_oxathione
3.913914,0.3428865,-1.7927896,2,evans
3.4170043,-0.14407279,0.6753371,1,evans
2.9610121,-1.5640855,0.5660621,2,evans
2.9528925,-2.512024,-1.6428944,1,evans
-2.423092,3.8492856,3.0311291,1,evans
0.2820679,12.713203,7.9203644,3,evans
-0.9341014,-0.19049002,-1.5123489,1,oppolzer
-1.1226282,-0.35587746,-1.2068174,2,evans
-0.105512045,-1.7014132,-2.7142985,2,evans
1.6099366,0.117287986,-2.4210885,1,evans
6.1019263,-1.2628325,-0.23492494,1,evans
0.21288593,-2.0893767,-2.2551918,3,evans
2.3721857,-0.051853083,-2.5910187,0,evans
2.0519266,-2.1871192,-1.6891594,0,evans
6.4238133,-1.3779907,-0.20471242,1,evans
5.7093034,8.310003,5.8860607,1,evans
7.831157,-1.3805951,0.5642238,1,evans
-3.3227847,0.22158541,-2.846079,1,evans
-4.3551188,0.9614211,0.23860277,2,evans
-0.7852051,-0.7323156,-1.2204983,2,evans
2.3017774,-3.428059,1.4708614,1,evans
-3.6878805,6.182431,1.0769794,2,evans
-5.21041,7.281602,3.8796017,3,evans
0.04728294,-1.7962502,-2.725523,2,evans
2.0077095,1.3282309,0.6164046,0,evans
-1.2962352,4.5458922,-1.039702,0,evans
6.118272,-1.3048491,-0.23642793,1,evans
3.8586278,-3.457094,-0.01212558,2,evans
3.317447,-4.2493033,6.0469313,2,crimmins_thione
-0.35572055,-0.092150636,-0.74411017,0,evans
2.4066243,-2.5417714,3.8968737,2,crimmins_thione
1.6799139,-1.2103138,0.8005877,2,evans
1.9108077,-1.2309353,0.62275666,2,evans
2.47266,1.3877932,0.4495125,1,evans
-4.06607,-2.7186048,-0.31752747,3,crimmins_thione
1.2558434,3.2187195,5.3047013,1,evans
0.5471372,3.4811857,9.759536,2,evans
0.9888477,-2.3268518,-1.3283939,1,evans
2.527257,-1.2629708,1.2614852,1,evans
4.292714,-0.7467322,-1.0465775,0,evans
0.7355638,-3.6083448,1.7211334,3,evans
-1.4139512,-2.39435,0.29277313,2,evans
0.7453495,-0.35682636,-0.04305374,1,evans
-1.2056682,-2.5394535,0.45202002,2,evans
0.9536323,-0.50192994,0.11619319,1,evans
0.11980075,-3.1978245,1.313399,0,evans
-0.41683912,1.7636985,3.648907,2,evans
-1.3586537,3.198657,-0.048231144,0,evans
-3.0349348,5.5000515,-2.9249144,0,evans
-0.54317683,3.137796,0.5859904,1,evans
-2.2194576,5.4391904,-2.2906926,1,evans
-1.109788,3.333147,0.106709644,1,evans
-2.7860687,5.634542,-2.7699735,1,evans
1.3334342,-0.14816849,-0.27736017,2,evans
-5.429774,1.9229153,1.7603443,1,evans
-5.289516,1.6451539,1.6488534,0,evans
1.1513116,-2.1880772,-1.143846,2,evans
4.958567,-0.057591304,-1.9877253,1,evans
2.4804363,-0.2799886,-2.1678574,1,evans
3.1675029,1.7971499,2.4755979,1,evans
3.2234125,0.21784215,0.36069155,2,evans
-0.74909365,4.7068443,-1.0682763,1,evans
-1.7425947,6.0713468,1.3820224,0,oppolzer
-1.744319,6.080484,1.3883903,0,oppolzer
-3.271908,6.5233183,0.5185354,0,oppolzer
0.4339786,-2.0024407,5.417598,2,crimmins_oxathione
-1.7657316,-1.1679902,3.9680867,0,crimmins_oxathione
-3.0610442,-4.301212,4.3038354,0,crimmins_oxathione
-0.43360642,-3.113187,1.004817,0,evans
-0.13708027,-2.0642385,-2.0407982,2,evans
3.765287,-0.45768407,0.22239739,3,evans
1.0173695,5.345836,7.777984,1,evans
4.71711,5.9572926,3.8197143,0,other_auxiliary
3.1615012,0.8140054,0.9084127,1,evans
-4.3228273,0.11152433,-6.713556,0,other_auxiliary
-4.151663,-0.037767235,-6.486386,0,other_auxiliary
-4.3228273,0.11152433,-6.713556,0,other_auxiliary
-3.7367978,-0.4691702,-6.1314306,0,other_auxiliary
-5.3631597,-3.0110078,0.7486197,3,crimmins_thione
-5.446707,-3.014688,0.67662805,3,crimmins_thione
-5.3762436,-3.0481582,0.7203107,3,crimmins_thione
-5.294651,-3.0854945,0.7736314,3,crimmins_thione
-2.9540558,3.165059,2.3036509,0,evans
-0.21621469,-1.1188033,-1.3893219,2,evans
-1.617992,-0.7971506,-2.5014632,0,evans
1.854068,1.1960814,-1.8608315,0,evans
5.174625,-2.392125,-0.8208776,2,evans
3.3492067,1.0242119,-0.9324755,1,evans
2.6580772,1.1720204,-0.91287535,1,evans
5.289626,0.5077257,0.5400605,1,evans
-0.14401607,5.9349933,-1.1301875,3,evans
-0.078308664,7.07306,-0.18755081,0,oppolzer
-2.4383686,3.8455012,2.6266358,0,evans
-2.8437445,2.9671226,2.3730104,0,evans
-3.1256473,1.5146724,0.3280359,3,evans
-0.884353,5.334355,-0.77736753,3,crimmins_oxathione
1.298849,6.800802,-1.9482498,0,oppolzer
4.494436,2.1475248,-1.1169035,1,evans
-0.22443558,2.0895634,-2.727246,1,evans
-0.20755334,7.5333004,-2.494567,1,oppolzer
-0.23763658,3.5300133,-1.855451,1,evans
-2.5154216,4.0488997,2.769062,1,evans
-2.9207969,3.1705213,2.515437,1,evans
-0.7798216,7.3712206,-0.43960762,1,oppolzer
-1.6974796,6.716263,-2.2986786,3,evans
-0.068875976,5.273494,-0.14314584,2,crimmins_oxathione
8.524236,0.9998821,0.92072314,3,evans
3.4891152,1.2089492,11.799548,1,evans
0.6162332,8.446372,-1.3466755,1,oppolzer
-2.189503,3.9799912,2.7815764,1,evans
-2.5948787,3.1016126,2.527951,1,evans
-0.63548726,5.468845,-0.6224267,2,crimmins_oxathione
0.44132647,4.418255,-3.0211987,2,evans
-1.0199962,5.488863,-0.69545215,2,crimmins_oxathione
2.425003,2.8115044,-0.16153595,0,evans
4.170171,2.5882077,-0.40338573,0,evans
3.168052,0.93678135,-0.8989832,1,evans
2.9418874,-2.4794207,-1.6729237,3,evans
-5.595711,-3.2285843,2.4398537,0,crimmins_oxathione
-5.672764,-3.0251853,2.5822804,1,crimmins_oxathione
-6.229125,-3.326635,2.6965864,2,crimmins_oxathione
-5.3468456,-3.094094,2.5947945,1,crimmins_oxathione
-5.868541,-3.044307,2.4529467,1,crimmins_oxathione
-6.424902,-3.3457565,2.5672529,2,crimmins_oxathione
-4.6551037,-3.3609412,3.1369028,1,crimmins_oxathione
-5.731354,-3.0740767,2.5217693,1,crimmins_oxathione
-6.2877154,-3.3755262,2.6360755,2,crimmins_oxathione
4.192375,0.13878651,-2.2668064,1,evans
-3.6659153,3.5180616,6.7296777,0,evans
-3.22728,4.401904,7.195089,3,evans
2.408371,3.5280495,-0.9126145,1,evans
2.7937634,-2.078813,-1.6669133,2,evans
2.6618981,1.0585281,-1.0146892,1,evans
0.046953533,3.2183099,-0.41866353,2,evans
2.679257,4.8184967,8.837695,0,evans
2.7761595,4.8608413,8.848203,0,evans
3.4211285,10.588467,11.005278,0,evans
-2.0033119,-1.3550875,0.81882995,1,evans
-3.367655,-1.5716155,2.913173,1,evans
-2.2487774,-0.68726677,1.5964174,1,evans
-2.43868,-0.66932625,1.9149624,1,evans
-2.077508,-2.5221257,0.2900338,1,evans
0.78809327,-2.0858245,-1.557869,2,evans
-0.66121596,4.0798187,0.0054702023,3,evans
4.1067185,2.1771314,0.5409109,2,evans
-1.5039889,-0.17166743,1.2960701,1,evans
-0.14716902,0.11564217,-0.14782585,1,evans
-2.20824,0.38489404,0.69758487,0,evans
-2.8993225,-0.09546826,-4.427233,2,evans
1.7744653,-1.9577653,-1.0903912,2,evans
-0.5454132,1.4319786,-1.3781434,2,evans
-0.6888167,-2.1098444,4.1949635,1,crimmins_oxathione
-0.51505834,4.4800878,-2.068698,0,other_auxiliary
5.608561,-1.2143668,-0.28622437,1,evans
2.519603,-0.39478433,1.1570059,3,evans
2.2644136,-0.26149124,0.96232843,3,evans
1.7217152,-0.1547302,0.58438236,3,evans
1.4663565,-0.031184338,0.4067745,3,evans
2.8041005,-3.1911826,-0.27813303,2,evans
1.9155921,-2.6402953,-0.7972298,2,evans
1.9155921,-2.6402953,-0.7972298,3,evans
0.17228578,-0.85684097,-1.3535521,2,evans
1.4259958,-1.1511921,-0.7106454,2,evans
1.2000079,-2.5499368,-1.1855868,2,evans
0.97798365,-2.2974586,-1.355672,1,evans
0.3644972,-2.104485,-1.7589145,2,evans
0.990161,-2.3693357,-1.3679966,2,evans
1.3520231,-2.4938674,-1.1555505,2,evans
2.9741006,-3.0724201,-0.14489956,2,evans
0.21717459,-2.3026564,-1.8151846,2,evans
0.2942844,-2.3542852,-1.7044014,2,evans
-0.12839936,-2.1678207,-2.0070498,2,evans
-0.37182954,-2.0296462,-2.1380684,2,evans
-1.0063235,-1.6354365,-2.511032,1,evans
-1.1661536,-1.7708149,-1.1972133,1,evans
3.3326294,-3.2787113,5.071456,1,crimmins_thione
0.44530058,-1.346635,-2.9351666,2,other_auxiliary
9.631125,-2.5026546,2.443573,0,evans
1.9365224,-1.0693274,2.0191078,2,crimmins_oxathione
3.0799167,-0.09345333,-2.1284792,1,evans
0.014567653,-6.2575727,7.082286,3,crimmins_thione
2.3047168,0.77652216,-1.7825476,0,evans
2.611804,-0.3243067,-0.37237036,2,evans
3.9865522,-0.5816232,-0.17584084,1,evans
3.4877143,-0.5196806,-0.44542181,1,evans
3.5040374,-0.49463078,-0.42197844,1,evans
4.731173,-0.7010216,-1.0467229,0,evans
4.6522727,-0.76254565,-1.2196574,1,evans
5.3418746,1.1401632,2.234646,1,evans
5.1619997,1.1839286,2.0430627,1,evans
4.3636723,1.4890051,1.5268523,1,evans
7.4468846,-1.7582006,0.95706433,1,evans
-4.1238384,2.269569,0.029788071,0,oppolzer
-0.34841642,-2.0673094,-2.128974,2,evans
3.15249,0.03417404,-1.9904958,1,evans
-1.1715322,-2.7160099,-4.127983,3,evans
4.968806,-2.2739227,3.5539293,3,crimmins_thione
-2.7717652,-5.1032815,5.1526413,0,crimmins_thione
0.18454874,-3.643089,1.3582239,3,evans
5.351838,-0.9736472,-0.33655322,1,evans
2.4544494,-1.0148,-1.199071,2,evans
4.5378084,-0.9266607,-0.78358597,1,evans
-0.5163192,3.954159,3.4403949,3,oppolzer
-1.3800921,-5.4708204,5.309333,1,crimmins_thione
2.9930172,-3.2715926,-0.527494,3,evans
0.9890161,2.1376677,-1.2458214,1,evans
5.4871864,-0.89242727,-0.6027847,0,evans
-2.2919993,-0.38720015,0.061606694,0,crimmins_thione
0.06939073,-2.0867462,-2.1794221,2,evans
-3.1284616,-4.9776835,3.8542707,2,crimmins_thione
3.4841125,-1.9519291,1.0817531,2,evans
3.1796489,-1.8642138,1.0573413,2,evans
1.7737839,4.15405,2.0374558,0,evans
-5.564126,-2.9302037,0.62600833,3,crimmins_thione
0.3165519,7.306229,-2.3527462,1,oppolzer
1.9305723,-2.656215,-1.130379,2,evans
-0.111728124,6.014699,-1.1460005,0,evans
0.36736766,8.311883,-1.5016166,1,oppolzer
0.6169187,7.092919,-2.3357491,0,oppolzer
-1.7767915,8.827165,0.09328019,1,oppolzer
2.2311769,-0.87123233,1.0380584,2,evans
-2.74612,8.46371,-2.0026083,0,oppolzer
-1.334756,8.262698,-2.9937708,0,oppolzer
-0.45390302,7.302311,-0.42709348,1,oppolzer
-1.4942964,3.3531644,0.033684365,1,evans
2.6885722,0.22114184,-0.099303335,1,evans
2.7885635,0.26300806,-0.057626285,1,evans
0.91104007,2.5136418,4.8557315,1,evans
6.4890194,-1.3261513,0.13957316,1,evans
2.887324,-3.272506,-0.08663998,2,evans
-1.3279994,-1.5138985,-1.4032615,1,evans
-0.9877393,4.0976367,3.288169,0,oppolzer
1.2582216,5.4861655,-0.61404276,0,other_auxiliary
2.7489834,5.037062,0.2085298,0,other_auxiliary
2.9566605,4.9664993,0.36424303,0,other_auxiliary
2.7967002,4.9694057,0.31269613,0,other_auxiliary
0.14650159,4.5105224,-0.6840725,2,other_auxiliary
1.637262,4.0614185,0.13850023,2,other_auxiliary
1.844939,3.9908564,0.29421353,2,other_auxiliary
1.6849787,3.9937623,0.2426663,2,other_auxiliary
-6.1202335,1.0189441,-0.7996437,0,evans
2.855377,-0.92081136,1.8037999,3,evans
-0.29960978,-2.3497286,-0.592535,0,evans
-1.170836,-1.9972522,-1.1540991,0,evans
0.6337166,1.1380217,-3.2672513,3,evans
1.9222367,1.91461,-0.16074626,2,other_auxiliary
2.3424006,-3.8940542,2.7431493,2,evans
-3.7400396,0.1232752,-1.2105547,1,evans
-3.4971287,-0.007300661,-1.0701303,1,evans
-3.6293979,0.051687647,-1.1533641,1,evans
-3.702652,0.07099002,-1.2184987,1,evans
3.7916222,-2.0203884,1.6054248,2,evans
1.0423293,-1.9070082,3.0047922,3,crimmins_thione
5.943358,-0.5800144,0.67420566,0,evans
0.8835701,1.4156718,1.8350871,0,oppolzer
2.7083511,-2.9648404,-0.15637934,2,evans
1.2188358,1.2299685,2.059527,0,oppolzer
8.427531,5.9581647,5.2317233,3,evans
-2.7799428,3.8415008,2.756261,0,evans
-0.13716802,-1.7529577,-0.49926254,0,evans
1.57948,0.06568058,-0.20573759,3,evans
1.3133565,-1.1345859,1.7615602,2,evans
2.4234362,-1.3695806,2.4100728,2,evans
0.34515062,-3.2867558,1.2604772,2,evans
-2.9368105,5.5643597,1.136169,0,oppolzer
-5.601481,-0.3850258,-4.9092216,1,evans
3.0329845,-3.190929,-0.21825288,2,evans
-6.8060718,-3.4538653,1.6852648,2,crimmins_thione
0.328156,3.4752903,3.7390115,3,evans
5.953818,-0.33835405,-1.4437817,1,evans
-0.84907615,0.39072415,-0.53837556,2,evans
-6.532313,0.8332648,-2.7737455,2,evans
-5.900077,0.56675553,-2.4176462,2,evans
-7.2488866,1.2261524,-3.2422054,2,evans
-3.9202344,0.24108307,-1.1666577,2,evans
-5.2996526,0.49834278,-2.046448,3,evans
-4.231416,0.14332719,-1.4187372,2,evans
-6.946689,1.1287366,-3.0739415,2,evans
-6.2355895,0.72140425,-2.6347046,2,evans
-5.6759973,0.4799795,-2.2828474,2,evans
-3.1354108,1.3264964,-1.4833394,1,evans
-2.737637,2.94917,-0.99237186,1,evans
-3.729614,0.09805099,-2.1712654,2,evans
-1.5448067,4.0478997,-1.5086341,2,other_auxiliary
-1.6160079,4.543101,-1.1608552,1,other_auxiliary
-5.7201605,-3.978119,2.7930577,3,crimmins_oxathione
-3.1284616,-4.9776835,3.8542707,1,crimmins_thione
1.5251727,1.2500389,-3.2447946,1,evans
3.0078514,-2.1171527,-2.461411,1,evans
1.9551631,1.6157992,-1.3960142,0,evans
2.0637565,1.5558808,-1.3325791,0,evans
-3.8526263,-0.29695585,-2.665669,3,evans
-3.6285112,-0.5644099,-4.4102106,3,evans
-3.7633922,-0.4913312,-4.139871,3,evans
1.9888011,1.5980432,-1.3741275,0,evans
-1.5851314,0.03500922,1.314518,0,evans
1.1133298,0.75158894,-2.3140457,0,evans
-1.4290346,-0.09206848,1.2351255,0,evans
0.8622159,0.8639372,-2.3449178,0,evans
-1.6801488,0.020279847,1.2042533,0,evans
0.3554401,2.4299154,-0.6485735,0,evans
5.7530217,-3.9595878,1.2663125,3,evans
0.78770614,0.30631793,-1.056024,3,evans
-0.503033,-0.25885332,1.5007244,1,evans
-3.439941,0.44468942,-3.4337077,0,evans
-1.6972895,2.6450808,-3.175253,0,evans
0.7355839,1.5890927,-2.5397432,0,evans
2.8764312,-2.0346336,-2.562615,2,evans
2.8764312,-2.0346336,-2.562615,2,evans
4.324265,0.46192122,-0.20282722,0,evans
1.8913932,1.5179096,-0.83833724,0,evans
4.4524136,2.5623229,0.2670265,0,evans
-4.2724833,-0.81769264,-2.2956293,3,evans
-4.2811165,-0.81724083,-2.2978933,3,evans
-3.8453126,-1.3540258,-2.1372426,3,evans
-4.137603,-0.89077127,-2.5659692,3,evans
-3.8453126,-1.3540258,-2.1372426,3,evans
-4.323357,0.30160555,-4.000557,3,evans
0.020861225,1.3409966,-3.3786616,3,crimmins_oxathione
0.26972687,1.4754868,-3.2237208,2,crimmins_oxathione
-0.9994592,0.052883647,-2.9550455,3,evans
1.2351313,2.1721597,-3.373562,0,evans
-3.8795385,-0.3015272,-2.6822617,2,evans
-3.904817,-0.2900436,-2.6994722,3,evans
-3.982138,-0.25549635,-2.7518084,2,evans
4.470672,2.234123,0.8183551,0,evans
3.0418682,3.6152565,-0.9315856,0,evans
4.597221,2.5853772,0.8168014,0,evans
3.1700675,3.9616199,-0.9286347,0,evans
2.288621,5.3850937,6.50962,0,evans
0.85871756,6.7694883,4.7566757,0,evans
3.6732059,3.5534103,2.6024175,0,evans
2.2438526,4.936173,0.8509758,0,evans
1.8290879,4.5402985,-1.7511632,0,other_auxiliary
-5.423983,-2.7046418,0.5782502,3,crimmins_thione
-2.867042,-0.20229724,-4.217121,2,evans
-1.4191849,2.6599784,-2.7704449,1,evans
1.8477901,0.79281133,-0.917947,3,evans
2.8543696,-1.8961823,-2.4270687,1,evans
2.9951982,-2.6717024,-1.2159353,1,evans
1.0006602,-2.201248,-2.0897229,1,evans
-1.3023694,-0.36017618,-4.060265,1,evans
4.6466107,0.56658417,1.2989022,1,evans
4.1263084,5.0244904,7.834589,1,evans
-0.7220981,6.4013686,-3.3704455,3,evans
-0.7991512,6.6047683,-3.2280188,2,evans
-0.76814437,8.067349,-2.5144897,1,oppolzer
-0.47323254,6.535859,-3.2155044,2,evans
-3.728417,-0.2754029,-2.5235686,3,evans
-3.616463,-1.5284512,-1.1953379,3,evans
-3.8022177,-0.33607432,-2.6299253,3,evans
-3.1158414,-0.28758395,-2.1469817,3,evans
-2.0839603,-0.79580617,-1.3762867,3,evans
-2.7268047,-0.70023566,-1.6771369,3,evans
6.015581,6.568276,2.703133,3,evans
-4.5151386,0.5344257,7.140697,2,evans
-6.011343,-0.9352918,-4.41899,0,evans
5.8467603,1.1883743,-0.063334495,0,evans
-2.1335394,9.560484,-2.3315763,0,oppolzer
1.1002437,1.2272166,-4.2871294,1,evans
-1.6574627,-1.5642627,-2.3128455,0,evans
-0.36594415,-0.61438835,-4.7647457,0,evans
0.8642234,0.78075033,0.5774957,1,evans
3.4201012,-1.848767,-1.7715242,2,evans
5.45835,-1.9316105,1.7310851,2,evans
1.3420479,1.5224998,-1.7255176,1,evans
5.6191015,0.18410291,0.7184019,0,evans
-0.19600168,-2.161267,-5.257549,3,evans
-0.32875216,2.1139865,-2.226329,0,crimmins_thione
0.40318677,1.4665805,-3.6527371,0,crimmins_thione
-2.7980013,-0.6258988,-1.7886523,0,crimmins_oxathione
-3.8432965,4.188302,1.1867423,2,crimmins_thione
0.2906503,1.8732778,-2.2485478,1,evans
0.5229833,1.8525809,-2.4260008,1,evans
-1.5843068,9.481664,-2.1596386,0,oppolzer
-0.07988651,2.2484767,-2.0713885,1,crimmins_thione
0.6520524,1.6010705,-3.4977963,1,crimmins_thione
-2.5491352,-0.49140888,-1.6337115,1,crimmins_oxathione
-1.0149158,3.5271823,-0.66821045,0,evans
1.0771815,2.8067145,0.58209944,0,evans
-0.7916017,3.5172713,-0.50878674,0,evans
0.10092797,3.253012,-0.016991656,0,evans
-0.46568334,3.448363,-0.49627256,0,evans
3.0172417,2.8865054,-0.84005433,0,evans
3.227179,3.4467096,-0.7944066,0,evans
3.3553789,3.7930725,-0.79145575,0,evans
1.044029,6.6009417,4.8938556,0,evans
2.429164,4.7676263,0.9881548,0,evans
3.910024,0.54750514,-0.332373,1,evans
1.6399632,2.2075725,-0.54143715,3,evans
4.643812,2.2261474,-2.254616,1,evans
0.12617241,-0.115950644,-2.8056512,3,evans
5.9767127,-0.44208652,-1.2449659,1,evans
-0.5583365,0.94652164,3.2886527,2,evans
-2.7309318,1.4803044,-2.8701322,2,evans
-6.9280615,4.4865646,-1.8169007,0,oppolzer
-6.5950584,3.4176776,-2.9959872,0,oppolzer
-7.4195285,3.8580592,-3.1548057,1,oppolzer
-6.6721106,3.6210763,-2.8535607,1,oppolzer
-5.7795796,3.3568165,-2.3617651,1,oppolzer
-6.3461924,3.5521677,-2.8410466,1,oppolzer
-5.408332,-2.964777,0.733206,3,crimmins_thione
-6.0696545,-1.1340789,-3.9879143,1,evans
-1.8839887,8.341518,-3.1657088,0,oppolzer
-0.6848079,1.046843,-3.2710583,0,evans
-0.5531849,-0.88222617,-4.0807753,0,evans
-0.8277858,0.81080365,-3.1654572,0,evans
2.8574986,-1.9268038,-2.3631308,1,evans
2.980522,1.0253175,-0.66240555,3,evans
-1.5836217,8.12821,-3.148712,1,oppolzer
-0.5790011,3.2537835,-0.6225297,1,evans
-0.7145489,3.3138728,-0.65121335,0,evans
4.314913,2.6963656,0.16302094,0,evans
-6.1984596,-0.9146835,-4.344654,0,evans
-6.447325,-1.0491737,-4.499595,3,evans
-0.2881247,-0.9212889,-4.172029,3,evans
-1.9380583,-1.8126479,-0.8394545,0,evans
2.2358437,1.416626,-1.2674106,1,evans
0.31542486,-1.0753529,-4.130818,1,evans
2.7383463,4.1899786,0.10601489,0,evans
2.8200982,-2.3403125,-1.8267256,3,evans
2.6777542,1.9332508,-0.9647179,1,evans
2.3502474,-1.8558592,-2.7393658,1,evans
1.8536032,-1.6747249,-2.867415,1,evans
3.203793,-1.9592608,-2.6203153,0,evans
3.2494743,0.9045444,-0.9739902,2,evans
1.3213042,0.22558309,0.10506155,3,evans
2.76568,-2.3019423,-1.814356,3,evans
2.5928907,1.5988187,-0.41535226,1,evans
-0.84210646,6.91178,0.20236255,1,oppolzer
-0.78354114,4.2186484,7.609826,3,evans
-1.0428346,0.31521255,-2.942688,2,evans
1.6981599,5.860672,-2.364665,0,evans
4.3021083,1.2491109,-1.5859339,1,evans
2.377054,-1.5224035,-1.9427282,2,evans
0.30413955,4.4480243,-3.0900214,2,evans
1.179021,-1.3146857,-3.169201,2,evans
1.578366,3.577347,5.4918633,1,evans
1.2160976,-1.3418794,-3.1702056,2,evans
2.3310428,5.5887218,2.3875341,2,oppolzer
-0.45981106,2.024865,-2.2453442,3,crimmins_oxathione
-1.014796,3.2729535,-0.30028805,3,crimmins_oxathione
-0.36692187,2.5632768,-2.171915,3,crimmins_oxathione
-0.8036108,1.7813784,-3.5374799,2,crimmins_oxathione
-1.284283,2.465247,-2.404163,2,crimmins_oxathione
-1.839268,3.7133353,-0.4591061,2,crimmins_oxathione
-1.1913937,3.0036592,-2.3307338,2,crimmins_oxathione
-0.056191742,1.5443959,-3.2362351,2,crimmins_oxathione
-0.5368639,2.2282639,-2.1029177,2,crimmins_oxathione
-1.0918489,3.4763522,-0.15786135,2,crimmins_oxathione
-0.44397488,2.7666757,-2.0294886,2,crimmins_oxathione
-0.21094537,2.1593552,-2.0904033,2,crimmins_oxathione
-0.7659302,3.4074435,-0.14534687,2,crimmins_oxathione
-0.11805608,2.697767,-2.0169742,2,crimmins_oxathione
5.8024735,0.29428384,0.91593724,0,evans
6.5374084,-0.6870921,-0.74513257,1,evans
-0.30684665,6.941902,-0.6924019,1,oppolzer
3.0325682,0.044035714,-0.55203235,1,evans
4.279077,-2.7683723,-0.7527813,2,evans
6.438378,-0.73084855,-1.0886084,1,evans
-5.569503,3.0592046,-4.1179447,1,myers
0.24703518,0.119285956,-2.598747,2,evans
-1.0654202,6.92169,0.04293876,1,oppolzer
-0.875365,6.9063168,-0.009423733,0,oppolzer
-3.9565,5.4069285,5.6451902,1,evans
0.48147967,-1.0017241,-4.0445023,1,evans
-3.119557,3.5321953,4.123912,1,crimmins_thione
-3.6600106,3.7910066,3.6345408,1,crimmins_thione
2.6433384,-1.79191,-2.371085,3,evans
2.44733,2.4229565,0.54065686,3,evans
2.701076,3.3849926,-0.24153993,0,evans
2.949439,3.498035,-0.6125621,0,evans
3.117882,4.1336637,-0.2427555,0,evans
-0.7650534,6.7083793,0.059936,0,oppolzer
-5.255023,4.1237473,2.6892614,0,crimmins_thione
-0.121504925,2.637254,-3.0323896,3,evans
2.5002375,3.7106574,-0.9169592,0,evans
3.0024724,3.7542238,-0.0324023,0,evans
-1.5895256,7.1487617,-0.098882355,1,oppolzer
-6.079493,4.56413,2.530443,1,crimmins_thione
-7.4472113,8.415872,7.71566,1,crimmins_thione
-3.9232411,5.412391,5.8569765,0,evans
-0.3290709,6.822262,0.14054039,0,oppolzer
-0.78354114,4.2186484,7.609826,0,evans
6.4584904,-2.6416724,0.95726544,2,evans
-0.5161878,6.8428698,0.21487683,1,oppolzer
-5.006157,4.258238,2.8442023,1,crimmins_thione
-1.4409621,6.2587295,1.3571312,0,evans
3.4278052,-0.5822694,1.2991391,2,evans
4.95423,1.6460195,1.1418778,2,crimmins_oxathione
0.1755549,6.5760226,0.7569855,3,oppolzer
1.4376596,6.168552,1.3664016,1,oppolzer
-0.58894974,7.2541223,-0.82727015,2,oppolzer
1.8987944,2.587831,3.795933,1,evans
2.641914,3.0680008,4.8469243,1,evans
2.027943,-2.0422938,-2.2580543,3,evans
3.2008312,0.713725,-0.5010974,3,evans
-3.2755706,2.2203045,2.7031236,1,evans
0.9717409,4.1704035,0.86443955,2,evans
3.1605964,5.9131355,0.6935995,2,oppolzer
2.5211332,6.0733876,0.36973485,2,oppolzer
-0.697653,5.019145,1.2104559,2,evans
-5.4924507,2.8558059,-4.2603717,1,myers
-5.4924507,2.8558059,-4.2603717,1,myers
-3.8949473,-0.41311896,-1.5187112,0,evans
-4.1925983,0.060242493,-2.728774,3,evans
-1.0084567,0.92728686,0.6712067,3,evans
0.7650795,2.848022,0.9085731,0,evans
-0.6075145,1.707333,-0.43623388,0,evans
-3.891466,1.0647646,1.3555586,3,crimmins_oxathione
0.59447587,1.6270525,-3.854957,3,evans
-2.2376528,4.2186127,4.2836127,0,evans
-2.432722,6.4747024,-0.49679604,3,evans
-3.7334096,3.8735569,-2.8541894,0,evans
-0.34856915,-1.3882433,1.4538357,1,crimmins_oxathione
-4.6669517,4.82384,3.005703,2,crimmins_thione
-0.22999616,2.067434,-4.013776,2,evans
-4.207122,-0.053275827,-0.9179359,1,crimmins_oxathione
-3.6426003,1.1992545,1.5104994,2,crimmins_oxathione
0.8433413,1.7615427,-3.7000165,2,evans
1.1468159,1.3973837,-3.323761,2,evans
2.305043,3.6974266,2.8232918,0,evans
-0.58894974,7.2541223,-0.82727015,0,oppolzer
4.5839086,0.2130855,-2.294921,1,evans
0.6598842,4.2817006,2.7084174,0,evans
0.8126688,1.6398137,-3.5811596,0,evans
-0.011803377,2.0801957,-3.739978,1,evans
1.061534,1.7743038,-3.426219,1,evans
1.7532773,1.5074567,-2.8841105,1,evans
-2.3625462,3.080916,2.3504977,2,evans
-1.5911763,1.7616948,-1.7698439,2,evans
4.048756,0.4102822,-0.11045271,1,evans
0.46128806,-0.9795434,2.8688262,1,crimmins_oxathione
-1.354687,-0.31409967,1.7234567,1,crimmins_oxathione
-0.36739188,-0.7572709,2.3760993,1,crimmins_oxathione
-0.8534161,0.20582373,-3.822293,1,evans
-6.316922,3.2961874,-4.419189,1,myers
-1.366245,1.148126,-2.9030359,2,evans
-0.6045505,0.34031367,-3.6673522,1,evans
0.5155923,4.0519905,1.513313,0,oppolzer
-5.159685,1.6797732,-3.7051535,1,evans
0.17337053,-1.0965815,-3.280822,3,evans
-0.47359088,2.3132272,-2.2225618,1,evans
-0.12494435,-0.8673812,-3.3086019,3,evans
-1.020997,-0.4841552,-3.868055,3,evans
-0.0138809355,-0.87209994,-3.2295444,3,evans
0.18197308,2.109824,-1.8489611,1,evans
3.42459,0.5133048,-2.026946,1,evans
0.25847375,6.866787,-0.107026905,0,oppolzer
0.09241899,6.7931576,-0.1933421,0,oppolzer
1.6174057,1.438122,-0.993796,1,evans
2.9807873,5.9092484,1.317159,0,oppolzer
3.0078514,-2.1171527,-2.461411,1,evans
-1.6872541,4.7047687,-1.459314,1,evans
0.16301818,4.2332864,-0.40532205,1,evans
-2.1034606,4.884346,-1.910777,0,evans
-2.5897,5.7181764,-0.65968496,1,evans
-2.927933,5.324728,-2.0695949,1,evans
-3.2878067,7.0121946,-0.49757284,0,evans
-3.2914653,6.643011,-0.69850147,2,evans
-1.2879839,4.8234854,-1.2765554,1,evans
0.020916106,4.334215,-0.50399846,1,evans
-1.8545954,5.0188365,-1.7558364,1,evans
-2.3408341,5.8526664,-0.5047442,1,evans
-2.3762908,5.068624,-1.8976843,1,evans
-2.8625298,5.902454,-0.64659196,1,evans
-3.65005,2.249607,-4.1622086,0,evans
0.5355555,3.1715083,-2.3004882,1,evans
-4.216456,1.576617,-3.489152,1,evans
-1.0680757,-0.7995217,-3.6144264,1,evans
-5.1836486,-0.42181695,-5.201636,1,evans
3.1018615,0.8539822,-1.0034001,2,evans
-3.1146333,0.49814472,-5.323147,0,evans
-3.38325,1.1693498,-5.858985,1,evans
-1.8411602,-0.05823252,-4.3956385,3,evans
-0.12494435,-0.8673812,-3.3086019,1,evans
-1.020997,-0.4841552,-3.868055,1,evans
-0.0138809355,-0.87209994,-3.2295444,1,evans
1.9018826,3.661328,1.4385605,0,crimmins_thione
3.1412404,3.2925003,-0.034264542,0,evans
-3.0043223,0.3002083,-5.2537875,1,evans
-3.272939,0.97141325,-5.789625,1,evans
-3.0813746,0.50360733,-5.111361,0,evans
-3.3499916,1.1748124,-5.647198,0,evans
-2.5683393,0.41409013,-5.1731825,0,evans
-2.8369563,1.085295,-5.70902,1,evans
-2.7554562,0.43469813,-5.0988464,0,evans
-3.024073,1.105903,-5.634684,0,evans
-2.33233,0.83905625,-5.092575,0,evans
3.7409668,0.6924875,-1.7631301,3,evans
-0.96742153,-0.43501633,-3.9559681,3,evans
0.9246619,1.9848549,-1.5647441,0,evans
1.6212012,1.5416169,-1.1287645,0,evans
1.5899905,1.7378227,-1.1583078,0,evans
1.4546163,1.7762731,-1.229864,0,evans
0.9616048,2.003058,-0.8243813,1,crimmins_thione
-3.4576268,3.2796128,-3.0253189,1,crimmins_thione
-2.0637136,0.16785102,-4.556737,0,evans
1.8382765,-1.3940516,-1.3723696,1,evans
0.50989765,3.175517,-2.4359987,0,evans
-2.0541654,1.3032515,-2.6989968,0,crimmins_thione
1.3590688,1.5242107,-2.5882952,3,evans
0.057458293,-0.22739987,-3.4558103,1,evans
-1.2753962,2.5143592,-2.6885462,1,evans
-0.5549163,-0.6005931,-4.285883,0,evans
-3.5964465,-1.2195357,-1.9823018,0,evans
-2.1247547,-0.25818795,-3.9077473,3,evans
-0.22206466,1.828351,-4.2985077,2,evans
-3.3664842,0.9260607,-4.1423097,3,evans
-4.294881,1.0472006,-1.3096299,1,evans
-1.0970678,-0.15841441,-3.9560003,0,evans
-2.508432,0.04259749,-2.9648366,0,evans
-4.415687,0.5012199,-4.262624,3,evans
1.4492944,5.7261815,-2.5196059,0,evans
2.2260125,-1.6526275,-2.6485388,1,evans
0.02547241,-0.617336,-3.4615018,1,evans
-4.0270033,5.4549036,3.7696993,0,evans
-3.5973227,5.3434815,5.869491,0,evans
7.6299744,-0.23671012,3.0071156,3,evans
0.8166014,1.9605329,-1.6094998,2,evans
-3.0848932,6.369647,-1.5903311,0,crimmins_oxathione
